[
{
    "model": "status.status",
    "pk": 2,
    "fields": {
        "auditions_open": false,
        "concerto_open": false,
        "season": "2018/19",
        "created": "2018-08-17T12:39:44.684Z",
        "modified": "2018-08-17T15:11:14.219Z"
    }
},
{
    "model": "ulsosite.musician",
    "pk": 1,
    "fields": {
        "created": "2018-08-02T11:04:57.372Z",
        "modified": "2018-08-02T11:04:57.372Z",
        "first_name": "Wenye",
        "last_name": "Zhao",
        "alias": null,
        "email": "wenye.zhao@gmail.com",
        "phone": "7850610072",
        "instrument": "Violin",
        "doubling": "Viola",
        "uni": "ICL",
        "other_uni": "",
        "status": "Candidate",
        "year": "N/A",
        "experience": "A ton of ULSO",
        "returning_member": true,
        "subs_paid": false,
        "depping_policy": true,
        "privacy_policy": true,
        "season": "2018/19",
        "notes": null
    }
},
{
    "model": "ulsosite.musician",
    "pk": 4,
    "fields": {
        "created": "2018-08-04T19:48:22.729Z",
        "modified": "2018-08-04T19:48:39.987Z",
        "first_name": "Amy",
        "last_name": "Edwards",
        "alias": null,
        "email": "amyedwards@gmail.com",
        "phone": "09437285825",
        "instrument": "Viola",
        "doubling": "Violin",
        "uni": "KCL",
        "other_uni": "",
        "status": "Candidate",
        "year": "N/A",
        "experience": "Soooooooooooo much ULSO",
        "returning_member": true,
        "subs_paid": true,
        "depping_policy": true,
        "privacy_policy": true,
        "season": "2018/19",
        "notes": null
    }
},
{
    "model": "ulsosite.musician",
    "pk": 6,
    "fields": {
        "created": "2018-08-16T11:05:43.078Z",
        "modified": "2018-08-16T11:05:43.078Z",
        "first_name": "David",
        "last_name": "Mitchell",
        "alias": null,
        "email": "rgrga@gerger.com",
        "phone": "7835673902",
        "instrument": "Trumpet",
        "doubling": "",
        "uni": "LSE",
        "other_uni": "",
        "status": "Candidate",
        "year": "1",
        "experience": "ergwergwerg",
        "returning_member": true,
        "subs_paid": false,
        "depping_policy": true,
        "privacy_policy": true,
        "season": "2018/19",
        "notes": null
    }
},
{
    "model": "ulsosite.musician",
    "pk": 12,
    "fields": {
        "created": "2018-08-16T11:24:57.375Z",
        "modified": "2018-08-16T11:24:57.375Z",
        "first_name": "Mpo",
        "last_name": "ewfewfe",
        "alias": null,
        "email": "rtjd@fds.com",
        "phone": "7835673902",
        "instrument": "Oboe",
        "doubling": "",
        "uni": "LSE",
        "other_uni": "",
        "status": "Candidate",
        "year": "4",
        "experience": "sdgsdgdfsg",
        "returning_member": true,
        "subs_paid": false,
        "depping_policy": true,
        "privacy_policy": true,
        "season": "2018/19",
        "notes": "Sat 29 Sep 18 AM\r\nSat 29 Sep 18 PM"
    }
},
{
    "model": "ulsosite.musician",
    "pk": 13,
    "fields": {
        "created": "2018-08-16T11:32:14.727Z",
        "modified": "2018-08-16T11:32:14.727Z",
        "first_name": "Mpo",
        "last_name": "ewfewfe",
        "alias": null,
        "email": "rtjd@fds.com",
        "phone": "7835673902",
        "instrument": "Oboe",
        "doubling": "",
        "uni": "LSE",
        "other_uni": "",
        "status": "Candidate",
        "year": "4",
        "experience": "sdgsdgdfsg",
        "returning_member": true,
        "subs_paid": false,
        "depping_policy": true,
        "privacy_policy": true,
        "season": "2018/19",
        "notes": "Sat 29 Sep 18 AM\r\nSat 29 Sep 18 PM"
    }
},
{
    "model": "ulsosite.concertoapplicant",
    "pk": 1,
    "fields": {
        "created": "2018-08-17T10:23:59.430Z",
        "modified": "2018-08-17T10:23:59.439Z",
        "first_name": "Wenye",
        "last_name": "Zhao",
        "alias": null,
        "email": "wenye.zhao@gmail.com",
        "phone": "7850610072",
        "instrument": "Cello",
        "piece": "Mozart Concerto 3",
        "years_ulso_member": "2013-18",
        "notes": "",
        "second_round": false,
        "season": "2018/19"
    }
},
{
    "model": "ulsosite.concertoapplicant",
    "pk": 2,
    "fields": {
        "created": "2018-08-17T10:28:50.122Z",
        "modified": "2018-08-17T10:29:02.171Z",
        "first_name": "Rudiger",
        "last_name": "Persimmon",
        "alias": null,
        "email": "root@veg.com",
        "phone": "09876 543212",
        "instrument": "Horn",
        "piece": "Hunter's Moon",
        "years_ulso_member": "2013-15",
        "notes": "No piano needed",
        "second_round": true,
        "season": "2018/19"
    }
},
{
    "model": "ulsosite.concertowinner",
    "pk": 1,
    "fields": {
        "created": "2018-07-30T22:00:31.945Z",
        "modified": "2018-08-17T13:45:13.064Z",
        "first_name": "Alex",
        "last_name": "McFarlane",
        "alias": null,
        "season": "2016/17",
        "instrument": "Viola",
        "uni": "GSMD",
        "website": null,
        "biography": "<p>New Zealand violist Alexander McFarlane is currently studying with David Takeno towards an Artist Diploma at the Guildhall School of Music and Drama in London. As a soloist, Alex has performed much of the viola concerto repertoire with orchestras including the King\u2019s College London Symphony Orchestra, Auckland Youth Orchestra, the Nelson Symphony Orchestra and St Matthew\u2019s Chamber Orchestra. In September 2015 he reached the final of the International Brahms Competition in Austria.</p>\r\n\r\n<p>Alex is also an experienced chamber musician, having performed in venues including the Barbican Hall, the Wigmore Hall and St-Martin-in-the-Fields. As an orchestral player, Alex has performed side-by-side with the London Symphony Orchestra and the Australian Chamber Orchestra, he has worked with both of New Zealand\u2019s professional orchestras, the New Zealand Symphony Orchestra and the Auckland Philharmonia Orchestra, and has played as Principal Viola with a number of other orchestras including the University of London Symphony Orchestra, the Guildhall Symphony Orchestra and the National Youth Orchestra of New Zealand.</p>\r\n\r\n<p>Alex is grateful for support from the Hattori Foundation, the Countess of Munster Musical Trust and the Guildhall School of Music and Drama.</p>\r\n\r\n<p>Alex performed Walton's Viola Concerto with ULSO on 18 Nov 2017.</p>",
        "photo": "concertowinners/alex-mcfarlane.jpg",
        "email": null,
        "phone": null,
        "piece": "Walton Viola Concerto"
    }
},
{
    "model": "ulsosite.concertowinner",
    "pk": 3,
    "fields": {
        "created": "2018-07-30T22:01:36.217Z",
        "modified": "2018-08-06T17:57:37.134Z",
        "first_name": "Angharad",
        "last_name": "Thomas",
        "alias": null,
        "season": "2016/17",
        "instrument": "Bassoon",
        "uni": "RAM",
        "website": null,
        "biography": "<p>Angharad Thomas graduated from her Masters degree at Royal Academy of Music with distinction, following her studies with Robin O\u2019Neill, John Orford, Amy Harman and Fraser Gordon. Originally from Cardiff, Angharad began studying the bassoon at the Junior Department of the Royal Welsh College of Music and Drama. As a young musician, she performed with the National Children\u2019s Orchestra of Great Britain and was principal bassoonist of the National Youth Orchestra of Wales. Reading Music at the University of Oxford, Angharad held both academic and instrumental scholarships at New College, and was an Ensemble ISIS instrumental scholar. She graduated from the University of Oxford in the summer of 2014 where she was awarded her degree with first class honours. Returning to New College, Angharad completed her Masters in Music with distinction in 2015.</p>\r\n\r\n<p>As an orchestral musician, Angharad has recently performed with the Philharmonia, RPO, LPO, RSNO, Ulster Orchestra, Royal Northern Sinfonia and Sinfonia Cymru. Angharad is also a keen soloist, and has performed the Mozart Bassoon Concerto in the Forbidden City Concert Hall, Beijing, New College Chapel, Oxford and Hoddinott Hall, Wales Millennium Centre. In 2016, Angharad was the winner of the John Fussell Award for Welsh Postgraduate Musicians, as well as being awarded the Gwynne Leyshon Prize and Very Highly Commended in the Florence Woodbridge Bassoon Prize. From 2016-2017, she was one of the Philharmonia Martin Musical Young Artists.</p>\r\n\r\n<p>Alongside her career as an instrumentalist, educational work is also extremely important to Angharad. She has worked alongside the Philharmonia Educational Department, and with charities including Music for Open Ears and the Irene Taylor Trust, to support and lead creative learning and participation workshops and projects. Her wind quintet, Moriarty Winds, regularly perform outreach sessions in schools in and around London, and are one of this years Wigmore Hall Chamber Tots Ensembles. As an instrumental teacher, Angharad is the Visiting Teacher of Bassoon at Hampton Independent School for Boys and The Lady Eleanor Holles Independent School for Girls, and has tutored for Sistema England Young Leaders.</p>\r\n\r\n<p>\r\nAngharad is very grateful to be supported in her studies by a Leverhulme Postgraduate Scholarship, Martin Musical Scholarship Fund, and the Countess of Munster Musical Trust.\r\n</p>",
        "photo": "concertowinners/dahlia.jpg",
        "email": "angharad.thomas@music.com",
        "phone": "897624257637",
        "piece": "Weber - Bassoon Concerto in F"
    }
},
{
    "model": "ulsosite.concertowinner",
    "pk": 4,
    "fields": {
        "created": "2018-07-30T22:05:13.630Z",
        "modified": "2018-08-11T22:39:22.818Z",
        "first_name": "Silvija",
        "last_name": "Scerbaviciute",
        "alias": null,
        "season": "2015/16",
        "instrument": "Flute",
        "uni": null,
        "website": null,
        "biography": "Sylvia bio",
        "photo": "",
        "email": null,
        "phone": null,
        "piece": "Rouse Flute Concerto"
    }
},
{
    "model": "ulsosite.committeemember",
    "pk": 1,
    "fields": {
        "created": "2018-07-30T20:24:44.143Z",
        "modified": "2018-08-02T12:03:15.150Z",
        "first_name": "Chris",
        "last_name": "Green",
        "alias": null,
        "email": "chair@ulso.co.uk",
        "phone": "9876543210",
        "instrument": "Flute",
        "uni": "RAM",
        "role": "Chair",
        "season": "2018/19",
        "description": "Hello!  I am Chris, the Chair of ULSO for 2018/19!",
        "photo": "committee/dahlia_2B4p80D.jpg"
    }
},
{
    "model": "ulsosite.committeemember",
    "pk": 2,
    "fields": {
        "created": "2018-07-30T20:25:38.182Z",
        "modified": "2018-07-30T21:02:08.160Z",
        "first_name": "Mimi",
        "last_name": "Zhou",
        "alias": null,
        "email": "orchestral.manager@ulso.co.uk",
        "phone": "07835673902",
        "instrument": "Tuba",
        "uni": "GSMD",
        "role": "Orchestral Manager",
        "season": "2018/19",
        "description": "Hello! I'm your OM for this upcoming year! Woohoo!",
        "photo": "committee/wztest.jpeg"
    }
},
{
    "model": "ulsosite.committeemember",
    "pk": 23,
    "fields": {
        "created": "2018-08-02T13:41:38.654Z",
        "modified": "2018-08-02T13:41:38.668Z",
        "first_name": "Amy",
        "last_name": "Edwards",
        "alias": "",
        "email": "treasurer@ulso.co.uk",
        "phone": "01234567890",
        "instrument": "Viola",
        "uni": "KCL",
        "role": "Treasurer",
        "season": "2018/19",
        "description": "Money and things",
        "photo": ""
    }
},
{
    "model": "ulsosite.committeemember",
    "pk": 24,
    "fields": {
        "created": "2018-08-02T13:41:38.672Z",
        "modified": "2018-08-02T13:41:38.674Z",
        "first_name": "Wenye",
        "last_name": "Zhao",
        "alias": "",
        "email": "webmaster@ulso.co.uk",
        "phone": "01234567890",
        "instrument": "Violin",
        "uni": "ICL",
        "role": "Webmaster",
        "season": "2017/18",
        "description": "I was a chair once",
        "photo": ""
    }
},
{
    "model": "ulsosite.committeemember",
    "pk": 25,
    "fields": {
        "created": "2018-08-02T13:41:38.677Z",
        "modified": "2018-08-02T13:41:38.679Z",
        "first_name": "Jonathan",
        "last_name": "Rawlinson",
        "alias": "Rawly",
        "email": "librarian@ulso.co.uk",
        "phone": "01234567890",
        "instrument": "Bassoon",
        "uni": "ICL",
        "role": "Librarian",
        "season": "2018/19",
        "description": "I do ALL the librariany things!",
        "photo": ""
    }
},
{
    "model": "ulsosite.committeemember",
    "pk": 26,
    "fields": {
        "created": "2018-08-02T13:41:38.682Z",
        "modified": "2018-08-02T13:41:38.684Z",
        "first_name": "Ada",
        "last_name": "Shoelace",
        "alias": "",
        "email": "publicity@ulso.co.uk",
        "phone": "01234567890",
        "instrument": "Flute",
        "uni": "RCM",
        "role": "Publicity",
        "season": "2017/18",
        "description": "I was a chair once",
        "photo": ""
    }
},
{
    "model": "ulsosite.conductor",
    "pk": 1,
    "fields": {
        "created": "2018-07-19T16:22:41.861Z",
        "modified": "2018-07-30T21:53:06.742Z",
        "first_name": "Peter",
        "last_name": "Stark",
        "alias": null,
        "email": "p.stark@mac.me",
        "phone": "",
        "website": "http://peterstark.co.uk",
        "rate_per_rehearsal": 125,
        "rate_concert_day": 500,
        "notes": ""
    }
},
{
    "model": "ulsosite.conductor",
    "pk": 2,
    "fields": {
        "created": "2018-07-30T21:54:36.241Z",
        "modified": "2018-07-30T21:54:36.241Z",
        "first_name": "Daniel",
        "last_name": "Capps",
        "alias": null,
        "email": "danielcapps@gmail.com",
        "phone": "",
        "website": "http://danielcapps.com",
        "rate_per_rehearsal": 125,
        "rate_concert_day": 500,
        "notes": ""
    }
},
{
    "model": "ulsosite.auditiondate",
    "pk": 8,
    "fields": {
        "date": "2019-08-18",
        "panel1": "",
        "panel2": null,
        "panel3": null,
        "panel4": null,
        "location": "Strand Campus, King's College London, Strand, WC2R 2LS",
        "season": "2019/20",
        "notes": null
    }
},
{
    "model": "ulsosite.auditiondate",
    "pk": 9,
    "fields": {
        "date": "2018-09-29",
        "panel1": "",
        "panel2": null,
        "panel3": null,
        "panel4": null,
        "location": "Strand Campus, King's College London, Strand, WC2R 2LS",
        "season": "2018/19",
        "notes": null
    }
},
{
    "model": "ulsosite.auditionslot",
    "pk": 58,
    "fields": {
        "date": 8,
        "time": "10:00:00",
        "musician": null,
        "first_name": null,
        "last_name": null,
        "instrument": null,
        "verdict": "Candidate",
        "notes": null
    }
},
{
    "model": "ulsosite.auditionslot",
    "pk": 59,
    "fields": {
        "date": 8,
        "time": "10:15:00",
        "musician": null,
        "first_name": null,
        "last_name": null,
        "instrument": null,
        "verdict": "Candidate",
        "notes": null
    }
},
{
    "model": "ulsosite.auditionslot",
    "pk": 60,
    "fields": {
        "date": 8,
        "time": "10:30:00",
        "musician": null,
        "first_name": null,
        "last_name": null,
        "instrument": null,
        "verdict": "Candidate",
        "notes": null
    }
},
{
    "model": "ulsosite.auditionslot",
    "pk": 61,
    "fields": {
        "date": 8,
        "time": "10:45:00",
        "musician": null,
        "first_name": null,
        "last_name": null,
        "instrument": null,
        "verdict": "Candidate",
        "notes": null
    }
},
{
    "model": "ulsosite.auditionslot",
    "pk": 62,
    "fields": {
        "date": 8,
        "time": "11:00:00",
        "musician": null,
        "first_name": null,
        "last_name": null,
        "instrument": null,
        "verdict": "Candidate",
        "notes": null
    }
},
{
    "model": "ulsosite.auditionslot",
    "pk": 63,
    "fields": {
        "date": 8,
        "time": "11:15:00",
        "musician": null,
        "first_name": null,
        "last_name": null,
        "instrument": null,
        "verdict": "Candidate",
        "notes": null
    }
},
{
    "model": "ulsosite.auditionslot",
    "pk": 64,
    "fields": {
        "date": 8,
        "time": "11:30:00",
        "musician": null,
        "first_name": null,
        "last_name": null,
        "instrument": null,
        "verdict": "Candidate",
        "notes": null
    }
},
{
    "model": "ulsosite.auditionslot",
    "pk": 65,
    "fields": {
        "date": 8,
        "time": "11:45:00",
        "musician": null,
        "first_name": null,
        "last_name": null,
        "instrument": null,
        "verdict": "Candidate",
        "notes": null
    }
},
{
    "model": "ulsosite.auditionslot",
    "pk": 66,
    "fields": {
        "date": 8,
        "time": "12:00:00",
        "musician": null,
        "first_name": null,
        "last_name": null,
        "instrument": null,
        "verdict": "Candidate",
        "notes": null
    }
},
{
    "model": "ulsosite.auditionslot",
    "pk": 67,
    "fields": {
        "date": 8,
        "time": "12:15:00",
        "musician": null,
        "first_name": null,
        "last_name": null,
        "instrument": null,
        "verdict": "Candidate",
        "notes": null
    }
},
{
    "model": "ulsosite.auditionslot",
    "pk": 68,
    "fields": {
        "date": 8,
        "time": "12:30:00",
        "musician": null,
        "first_name": null,
        "last_name": null,
        "instrument": null,
        "verdict": "Candidate",
        "notes": null
    }
},
{
    "model": "ulsosite.auditionslot",
    "pk": 69,
    "fields": {
        "date": 8,
        "time": "12:45:00",
        "musician": null,
        "first_name": null,
        "last_name": null,
        "instrument": null,
        "verdict": "Candidate",
        "notes": null
    }
},
{
    "model": "ulsosite.auditionslot",
    "pk": 70,
    "fields": {
        "date": 8,
        "time": "13:00:00",
        "musician": null,
        "first_name": null,
        "last_name": null,
        "instrument": null,
        "verdict": "Candidate",
        "notes": null
    }
},
{
    "model": "ulsosite.auditionslot",
    "pk": 71,
    "fields": {
        "date": 8,
        "time": "13:15:00",
        "musician": null,
        "first_name": null,
        "last_name": null,
        "instrument": null,
        "verdict": "Candidate",
        "notes": null
    }
},
{
    "model": "ulsosite.auditionslot",
    "pk": 72,
    "fields": {
        "date": 8,
        "time": "13:30:00",
        "musician": null,
        "first_name": null,
        "last_name": null,
        "instrument": null,
        "verdict": "Candidate",
        "notes": null
    }
},
{
    "model": "ulsosite.auditionslot",
    "pk": 73,
    "fields": {
        "date": 8,
        "time": "13:45:00",
        "musician": null,
        "first_name": null,
        "last_name": null,
        "instrument": null,
        "verdict": "Candidate",
        "notes": null
    }
},
{
    "model": "ulsosite.auditionslot",
    "pk": 74,
    "fields": {
        "date": 8,
        "time": "14:00:00",
        "musician": null,
        "first_name": null,
        "last_name": null,
        "instrument": null,
        "verdict": "Candidate",
        "notes": null
    }
},
{
    "model": "ulsosite.auditionslot",
    "pk": 75,
    "fields": {
        "date": 8,
        "time": "14:15:00",
        "musician": null,
        "first_name": null,
        "last_name": null,
        "instrument": null,
        "verdict": "Candidate",
        "notes": null
    }
},
{
    "model": "ulsosite.auditionslot",
    "pk": 76,
    "fields": {
        "date": 8,
        "time": "14:30:00",
        "musician": null,
        "first_name": null,
        "last_name": null,
        "instrument": null,
        "verdict": "Candidate",
        "notes": null
    }
},
{
    "model": "ulsosite.auditionslot",
    "pk": 77,
    "fields": {
        "date": 8,
        "time": "14:45:00",
        "musician": null,
        "first_name": null,
        "last_name": null,
        "instrument": null,
        "verdict": "Candidate",
        "notes": null
    }
},
{
    "model": "ulsosite.auditionslot",
    "pk": 78,
    "fields": {
        "date": 8,
        "time": "15:00:00",
        "musician": null,
        "first_name": null,
        "last_name": null,
        "instrument": null,
        "verdict": "Candidate",
        "notes": null
    }
},
{
    "model": "ulsosite.auditionslot",
    "pk": 79,
    "fields": {
        "date": 8,
        "time": "15:15:00",
        "musician": null,
        "first_name": null,
        "last_name": null,
        "instrument": null,
        "verdict": "Candidate",
        "notes": null
    }
},
{
    "model": "ulsosite.auditionslot",
    "pk": 80,
    "fields": {
        "date": 8,
        "time": "15:30:00",
        "musician": null,
        "first_name": null,
        "last_name": null,
        "instrument": null,
        "verdict": "Candidate",
        "notes": null
    }
},
{
    "model": "ulsosite.auditionslot",
    "pk": 81,
    "fields": {
        "date": 8,
        "time": "15:45:00",
        "musician": null,
        "first_name": null,
        "last_name": null,
        "instrument": null,
        "verdict": "Candidate",
        "notes": null
    }
},
{
    "model": "ulsosite.auditionslot",
    "pk": 82,
    "fields": {
        "date": 8,
        "time": "16:00:00",
        "musician": null,
        "first_name": null,
        "last_name": null,
        "instrument": null,
        "verdict": "Candidate",
        "notes": null
    }
},
{
    "model": "ulsosite.auditionslot",
    "pk": 83,
    "fields": {
        "date": 8,
        "time": "16:15:00",
        "musician": null,
        "first_name": null,
        "last_name": null,
        "instrument": null,
        "verdict": "Candidate",
        "notes": null
    }
},
{
    "model": "ulsosite.auditionslot",
    "pk": 84,
    "fields": {
        "date": 8,
        "time": "16:30:00",
        "musician": null,
        "first_name": null,
        "last_name": null,
        "instrument": null,
        "verdict": "Candidate",
        "notes": null
    }
},
{
    "model": "ulsosite.auditionslot",
    "pk": 85,
    "fields": {
        "date": 8,
        "time": "16:45:00",
        "musician": null,
        "first_name": null,
        "last_name": null,
        "instrument": null,
        "verdict": "Candidate",
        "notes": null
    }
},
{
    "model": "ulsosite.auditionslot",
    "pk": 86,
    "fields": {
        "date": 9,
        "time": "10:00:00",
        "musician": null,
        "first_name": null,
        "last_name": null,
        "instrument": null,
        "verdict": "Candidate",
        "notes": null
    }
},
{
    "model": "ulsosite.auditionslot",
    "pk": 87,
    "fields": {
        "date": 9,
        "time": "10:15:00",
        "musician": null,
        "first_name": null,
        "last_name": null,
        "instrument": null,
        "verdict": "Candidate",
        "notes": null
    }
},
{
    "model": "ulsosite.auditionslot",
    "pk": 88,
    "fields": {
        "date": 9,
        "time": "10:30:00",
        "musician": null,
        "first_name": null,
        "last_name": null,
        "instrument": null,
        "verdict": "Candidate",
        "notes": null
    }
},
{
    "model": "ulsosite.auditionslot",
    "pk": 89,
    "fields": {
        "date": 9,
        "time": "10:45:00",
        "musician": null,
        "first_name": null,
        "last_name": null,
        "instrument": null,
        "verdict": "Candidate",
        "notes": null
    }
},
{
    "model": "ulsosite.auditionslot",
    "pk": 90,
    "fields": {
        "date": 9,
        "time": "11:00:00",
        "musician": null,
        "first_name": null,
        "last_name": null,
        "instrument": null,
        "verdict": "Candidate",
        "notes": null
    }
},
{
    "model": "ulsosite.auditionslot",
    "pk": 91,
    "fields": {
        "date": 9,
        "time": "11:15:00",
        "musician": null,
        "first_name": null,
        "last_name": null,
        "instrument": null,
        "verdict": "Candidate",
        "notes": null
    }
},
{
    "model": "ulsosite.auditionslot",
    "pk": 92,
    "fields": {
        "date": 9,
        "time": "11:30:00",
        "musician": null,
        "first_name": null,
        "last_name": null,
        "instrument": null,
        "verdict": "Candidate",
        "notes": null
    }
},
{
    "model": "ulsosite.auditionslot",
    "pk": 93,
    "fields": {
        "date": 9,
        "time": "11:45:00",
        "musician": null,
        "first_name": null,
        "last_name": null,
        "instrument": null,
        "verdict": "Candidate",
        "notes": null
    }
},
{
    "model": "ulsosite.auditionslot",
    "pk": 94,
    "fields": {
        "date": 9,
        "time": "12:00:00",
        "musician": null,
        "first_name": null,
        "last_name": null,
        "instrument": null,
        "verdict": "Candidate",
        "notes": null
    }
},
{
    "model": "ulsosite.auditionslot",
    "pk": 95,
    "fields": {
        "date": 9,
        "time": "12:15:00",
        "musician": null,
        "first_name": null,
        "last_name": null,
        "instrument": null,
        "verdict": "Candidate",
        "notes": null
    }
},
{
    "model": "ulsosite.auditionslot",
    "pk": 96,
    "fields": {
        "date": 9,
        "time": "12:30:00",
        "musician": null,
        "first_name": null,
        "last_name": null,
        "instrument": null,
        "verdict": "Candidate",
        "notes": null
    }
},
{
    "model": "ulsosite.auditionslot",
    "pk": 97,
    "fields": {
        "date": 9,
        "time": "12:45:00",
        "musician": null,
        "first_name": null,
        "last_name": null,
        "instrument": null,
        "verdict": "Candidate",
        "notes": null
    }
},
{
    "model": "ulsosite.auditionslot",
    "pk": 98,
    "fields": {
        "date": 9,
        "time": "13:00:00",
        "musician": null,
        "first_name": null,
        "last_name": null,
        "instrument": null,
        "verdict": "Candidate",
        "notes": null
    }
},
{
    "model": "ulsosite.auditionslot",
    "pk": 99,
    "fields": {
        "date": 9,
        "time": "13:15:00",
        "musician": null,
        "first_name": null,
        "last_name": null,
        "instrument": null,
        "verdict": "Candidate",
        "notes": null
    }
},
{
    "model": "ulsosite.auditionslot",
    "pk": 100,
    "fields": {
        "date": 9,
        "time": "13:30:00",
        "musician": null,
        "first_name": null,
        "last_name": null,
        "instrument": null,
        "verdict": "Candidate",
        "notes": null
    }
},
{
    "model": "ulsosite.auditionslot",
    "pk": 101,
    "fields": {
        "date": 9,
        "time": "13:45:00",
        "musician": null,
        "first_name": null,
        "last_name": null,
        "instrument": null,
        "verdict": "Candidate",
        "notes": null
    }
},
{
    "model": "ulsosite.auditionslot",
    "pk": 102,
    "fields": {
        "date": 9,
        "time": "14:00:00",
        "musician": null,
        "first_name": null,
        "last_name": null,
        "instrument": null,
        "verdict": "Candidate",
        "notes": null
    }
},
{
    "model": "ulsosite.auditionslot",
    "pk": 103,
    "fields": {
        "date": 9,
        "time": "14:15:00",
        "musician": null,
        "first_name": null,
        "last_name": null,
        "instrument": null,
        "verdict": "Candidate",
        "notes": null
    }
},
{
    "model": "ulsosite.auditionslot",
    "pk": 104,
    "fields": {
        "date": 9,
        "time": "14:30:00",
        "musician": null,
        "first_name": null,
        "last_name": null,
        "instrument": null,
        "verdict": "Candidate",
        "notes": null
    }
},
{
    "model": "ulsosite.auditionslot",
    "pk": 105,
    "fields": {
        "date": 9,
        "time": "14:45:00",
        "musician": null,
        "first_name": null,
        "last_name": null,
        "instrument": null,
        "verdict": "Candidate",
        "notes": null
    }
},
{
    "model": "ulsosite.auditionslot",
    "pk": 106,
    "fields": {
        "date": 9,
        "time": "15:00:00",
        "musician": null,
        "first_name": null,
        "last_name": null,
        "instrument": null,
        "verdict": "Candidate",
        "notes": null
    }
},
{
    "model": "ulsosite.auditionslot",
    "pk": 107,
    "fields": {
        "date": 9,
        "time": "15:15:00",
        "musician": null,
        "first_name": null,
        "last_name": null,
        "instrument": null,
        "verdict": "Candidate",
        "notes": null
    }
},
{
    "model": "ulsosite.auditionslot",
    "pk": 108,
    "fields": {
        "date": 9,
        "time": "15:30:00",
        "musician": null,
        "first_name": null,
        "last_name": null,
        "instrument": null,
        "verdict": "Candidate",
        "notes": null
    }
},
{
    "model": "ulsosite.auditionslot",
    "pk": 109,
    "fields": {
        "date": 9,
        "time": "15:45:00",
        "musician": null,
        "first_name": null,
        "last_name": null,
        "instrument": null,
        "verdict": "Candidate",
        "notes": null
    }
},
{
    "model": "ulsosite.auditionslot",
    "pk": 110,
    "fields": {
        "date": 9,
        "time": "16:00:00",
        "musician": null,
        "first_name": null,
        "last_name": null,
        "instrument": null,
        "verdict": "Candidate",
        "notes": null
    }
},
{
    "model": "ulsosite.auditionslot",
    "pk": 111,
    "fields": {
        "date": 9,
        "time": "16:15:00",
        "musician": null,
        "first_name": null,
        "last_name": null,
        "instrument": null,
        "verdict": "Candidate",
        "notes": null
    }
},
{
    "model": "ulsosite.auditionslot",
    "pk": 112,
    "fields": {
        "date": 9,
        "time": "16:30:00",
        "musician": null,
        "first_name": null,
        "last_name": null,
        "instrument": null,
        "verdict": "Candidate",
        "notes": null
    }
},
{
    "model": "ulsosite.auditionslot",
    "pk": 113,
    "fields": {
        "date": 9,
        "time": "16:45:00",
        "musician": null,
        "first_name": null,
        "last_name": null,
        "instrument": null,
        "verdict": "Candidate",
        "notes": null
    }
},
{
    "model": "ulsosite.auditionslot",
    "pk": 114,
    "fields": {
        "date": 9,
        "time": "17:00:00",
        "musician": null,
        "first_name": null,
        "last_name": null,
        "instrument": null,
        "verdict": "Candidate",
        "notes": null
    }
},
{
    "model": "ulsosite.auditionslot",
    "pk": 115,
    "fields": {
        "date": 9,
        "time": "17:15:00",
        "musician": null,
        "first_name": null,
        "last_name": null,
        "instrument": null,
        "verdict": "Candidate",
        "notes": null
    }
},
{
    "model": "ulsosite.auditionslot",
    "pk": 116,
    "fields": {
        "date": 9,
        "time": "17:30:00",
        "musician": null,
        "first_name": null,
        "last_name": null,
        "instrument": null,
        "verdict": "Candidate",
        "notes": null
    }
},
{
    "model": "ulsosite.auditionslot",
    "pk": 117,
    "fields": {
        "date": 9,
        "time": "17:45:00",
        "musician": null,
        "first_name": null,
        "last_name": null,
        "instrument": null,
        "verdict": "Candidate",
        "notes": null
    }
},
{
    "model": "ulsosite.concert",
    "pk": 3,
    "fields": {
        "current": true,
        "season": null,
        "project_term": "Autumn Project",
        "start_time": "19:00:00",
        "date": "2018-11-18",
        "conductor": 2,
        "soloist": "",
        "soloist_website": "",
        "concert_venue": "St. Stephen's Church, Gloucester Road, SW7 4RL",
        "players": [
            1
        ]
    }
},
{
    "model": "ulsosite.concert",
    "pk": 4,
    "fields": {
        "current": false,
        "season": null,
        "project_term": "Winter Project",
        "start_time": "19:00:00",
        "date": "2019-02-10",
        "conductor": 1,
        "soloist": "Sheku Kanneh-Mason",
        "soloist_website": "https://shekukannehmason.com/",
        "concert_venue": "St. Stephen's Church, Gloucester Road, SW7 4RL",
        "players": [
            1,
            4
        ]
    }
},
{
    "model": "ulsosite.concert",
    "pk": 5,
    "fields": {
        "current": false,
        "season": null,
        "project_term": "Spring Concert",
        "start_time": "19:00:00",
        "date": "2019-03-16",
        "conductor": 2,
        "soloist": "",
        "soloist_website": "",
        "concert_venue": "St. Stephen's Church, Gloucester Road, SW7 4RL",
        "players": []
    }
},
{
    "model": "ulsosite.poster",
    "pk": 1,
    "fields": {
        "concert": 3,
        "poster": "posters/feb18_jnlsuKY.jpg",
        "artist": "Sofia Greaves",
        "website": "https://www.pinterest.co.uk/sofiagreaves/"
    }
},
{
    "model": "ulsosite.piece",
    "pk": 1,
    "fields": {
        "composer": "Dvorak",
        "piece": "Symphony No. 8",
        "order": 3,
        "duration": 0,
        "concert": [
            3
        ]
    }
},
{
    "model": "ulsosite.piece",
    "pk": 2,
    "fields": {
        "composer": "Bernstein",
        "piece": "Overture to Candide",
        "order": 1,
        "duration": 0,
        "concert": [
            3
        ]
    }
},
{
    "model": "ulsosite.piece",
    "pk": 3,
    "fields": {
        "composer": "Tchaikovsky",
        "piece": "Symphony No. 6",
        "order": 3,
        "duration": 0,
        "concert": [
            4
        ]
    }
},
{
    "model": "ulsosite.piece",
    "pk": 4,
    "fields": {
        "composer": "Shostakovich",
        "piece": "Cello Concerto No. 1",
        "order": 2,
        "duration": 0,
        "concert": [
            4
        ]
    }
},
{
    "model": "ulsosite.piece",
    "pk": 5,
    "fields": {
        "composer": "Bern",
        "piece": "Overture to Candide",
        "order": 1,
        "duration": 0,
        "concert": []
    }
},
{
    "model": "ulsosite.piece",
    "pk": 6,
    "fields": {
        "composer": "Humperdinck",
        "piece": "Hansel and Gretel Overture",
        "order": 1,
        "duration": 0,
        "concert": [
            4
        ]
    }
},
{
    "model": "ulsosite.piece",
    "pk": 8,
    "fields": {
        "composer": "Shostakovich",
        "piece": "Symphony No. 10",
        "order": 1,
        "duration": 0,
        "concert": [
            5
        ]
    }
},
{
    "model": "ulsosite.rehearsal",
    "pk": 14,
    "fields": {
        "concert": 3,
        "date": "2018-07-19",
        "start_time": "19:00:00",
        "end_time": "22:00:00",
        "rehearsal_venue": "St. Stephen's Church, Gloucester Road, SW7 4RL",
        "notes": ""
    }
},
{
    "model": "ulsosite.rehearsal",
    "pk": 15,
    "fields": {
        "concert": 3,
        "date": "2018-07-26",
        "start_time": "19:00:00",
        "end_time": "22:00:00",
        "rehearsal_venue": "St. Stephen's Church, Gloucester Road, SW7 4RL",
        "notes": ""
    }
},
{
    "model": "ulsosite.absence",
    "pk": 5,
    "fields": {
        "rehearsal": 15,
        "first_name": "Wenye",
        "last_name": "Zhao",
        "email": "wenye.zhao@gmail.com",
        "musician": 1,
        "instrument": "Viola",
        "dep_name": "Ben Phipps",
        "dep_email": "bennyb@b.com",
        "dep_phone": "7835673902",
        "reasons": "I was ill",
        "timestamp": "2018-08-04T18:53:16.793Z"
    }
},
{
    "model": "website.page",
    "pk": 1,
    "fields": {
        "title": "Rehearsals",
        "body": "<p>\r\nULSO rehearsals take place on Tuesday evenings between 19:00 and 22:00 at St Stephen's Church, Gloucester Road, SW7 4RL. There may also be additional rehearsals on weekends in the lead-up to concerts.\r\n</p>\r\n\r\n<p>\r\nIf you are absent for a rehearsal, you must provide a dep and let Esme know at <a href=\"mailto:orchestral.manager@ulso.co.uk\">orchestral.manager@ulso.co.uk</a>. Players are reminded that by joining ULSO, they have agreed to adhere to our depping policy, which may be viewed <a href=\"depping.htm\">here</a>.\r\n</p>"
    }
},
{
    "model": "website.page",
    "pk": 2,
    "fields": {
        "title": "Concerto Competition",
        "body": "<p>\r\nULSO holds a concerto competition each year, open to its members and reserves. Winners have the opportunity to perform a concerto with ULSO in any future project.\r\n</p>"
    }
},
{
    "model": "website.page",
    "pk": 3,
    "fields": {
        "title": "Contact Us",
        "body": "<p>\r\nIf you have any questions or suggestions, please do not hesitate to contact members of the committee. \r\n</p>\r\n\r\n<p>\r\nAlternatively, if you can leave us a message using the form below.\r\n</p>"
    }
},
{
    "model": "website.page",
    "pk": 4,
    "fields": {
        "title": "About",
        "body": ""
    }
},
{
    "model": "website.page",
    "pk": 8,
    "fields": {
        "title": "How to Join",
        "body": "<p>\r\nEntry to ULSO is by audition. If you are interested in joining, please expand the headings below for more information, and don't hesitate to contact us if you have any questions.\r\n</p>"
    }
},
{
    "model": "website.page",
    "pk": 9,
    "fields": {
        "title": "What's On",
        "body": ""
    }
},
{
    "model": "website.page",
    "pk": 10,
    "fields": {
        "title": "Committee",
        "body": ""
    }
},
{
    "model": "website.section",
    "pk": 9,
    "fields": {
        "page": 8,
        "heading": "Questions",
        "subheading": null,
        "body": "<div class=\"button-box flexwrap\">\r\n          <h4>Still have questions?</h4>\r\n          <br>\r\n          <a href=\"#\"><button type=\"button\" class=\"btn\">Contact Us</button></a>\r\n</div>"
    }
},
{
    "model": "website.accordioncard",
    "pk": 1,
    "fields": {
        "page": 8,
        "heading": "Membership Fees",
        "order": 5,
        "body": "<p>\r\nThe subscription fee for the 2016/17 season is \u00a345 per member and should be paid <i>via</i> <a href=\"https://www.studentcentral.london/organisation/Orchestra/\">Student Central</a>.\r\n</p>\r\n\r\n<p>\r\nULSO receives a partial subsidy from Student Central but is very much reliant on membership fees help to cover the cost the running the orchestra, which includes music hire, venue hire, percussion hire, soloist and conductor fees. Upon paying your membership fee, your position in the orchestra is guaranteed for the year.\r\n</p>",
        "html_id": "subs"
    }
},
{
    "model": "website.accordioncard",
    "pk": 2,
    "fields": {
        "page": 8,
        "heading": "Rehearsals",
        "order": 1,
        "body": "<p>\r\nULSO rehearsals take place on Tuesday evenings between 19:00 and 22:00 at St Stephen's Church, Gloucester Road, London, SW7 4RL. There may also be additional rehearsals on weekends in the lead-up to concerts.\r\n</p>",
        "html_id": "rehearsals"
    }
},
{
    "model": "website.accordioncard",
    "pk": 3,
    "fields": {
        "page": 8,
        "heading": "Eligibility",
        "order": 2,
        "body": "<p>\r\nULSO is open to current and graduate students from any college or university in London. Non-students can also join.\r\n</p>",
        "html_id": "eligibility"
    }
},
{
    "model": "website.accordioncard",
    "pk": 4,
    "fields": {
        "page": 8,
        "heading": "Depping Policy",
        "order": 4,
        "body": "<p>\r\nAttendance is required for all rehearsals. In the event of an unavoidable absence, such as conservatoire projects, deps are required from wind, brass and percussion players. By joining ULSO, members agree to adhere to our <a href=\"depping.html\">depping policy</a>.\r\n</p>",
        "html_id": "depping"
    }
},
{
    "model": "website.accordioncard",
    "pk": 5,
    "fields": {
        "page": 8,
        "heading": "Mid-Year Entry",
        "order": 7,
        "body": "<p>\r\nIf you have missed the audition period but would like to play with us, it may be possible for you to join later in the season. Entry will be considered on a case-by-case basis. Please contact the Chair <i>via</i> <a href=\"mailto:chair@ulso.co.uk\">chair@ulso.co.uk</a>\r\n</p>",
        "html_id": "midyear"
    }
},
{
    "model": "website.accordioncard",
    "pk": 6,
    "fields": {
        "page": 8,
        "heading": "Audition Tips",
        "order": 8,
        "body": "<p>\r\nDo prepare your extracts thoroughly - not just your piece - as they are arguably the most important part of your audition. The panel are looking for:\r\n</p>\r\n                  <ul>\r\n                    <li>Rhythm</li>\r\n                    <li>Intonation</li>\r\n                    <li>Quality of sound</li>\r\n                    <li>Style</li>\r\n                    <li>Musicality</li>\r\n                  </ul>\r\n<p>\r\nIt is highly recommended that you listen to recordings of the extracts you are preparing.\r\n</p>",
        "html_id": "tips"
    }
},
{
    "model": "website.accordioncard",
    "pk": 7,
    "fields": {
        "page": 8,
        "heading": "Audition Requirements",
        "order": 3,
        "body": "<p>\r\nEvery member of the orchestra is auditioned at the start of the academic year (later Sep - early Oct). Both new and returning members are required to audition. Entry is competitive. To be considered, we specify a minimum standard of ABRSM Grade 8 or equivalent.\r\n</p>\r\n\r\n<p>You will be required to play:</p>\r\n                  <ul>\r\n                    <li>a 5 minute prepared piece*</li>\r\n                    <li>orchestral excerpts</li>\r\n                    <li>short piece of sight-reading</li>\r\n                  </ul>\r\n                  <p>*Percussion and timpani applicants are not required to play a five minute piece, only excerpts.</p>\r\n                  <p>The audition will last no longer than 15 minutes and is unaccompanied. A warm-up room will be available 15 minutes before your audition. Please note that we are unable to provide an accompanist and nor do we expect you to bring one.</p>\r\n                  <p>Excerpts will be released two weeks before the start of auditions.</p>\r\n                  <p>The audition period has ended for entry in 2017/18.</p>",
        "html_id": "requirements"
    }
},
{
    "model": "website.accordioncard",
    "pk": 8,
    "fields": {
        "page": 8,
        "heading": "Leader Auditions",
        "order": 6,
        "body": "<p>\r\nAuditions for leader are held concurrently with the main audition period. If you are interested in leading, there is an option for you to select in the audition form. You will need to play the first movement of a concerto as your piece and learn some alternative extracts. These are at the end of the violin extracts.\r\n</p>",
        "html_id": "leader"
    }
},
{
    "model": "website.accordioncard",
    "pk": 9,
    "fields": {
        "page": 4,
        "heading": "What We Do",
        "order": 1,
        "body": "<p>\r\nThe University of London Symphony Orchestra is widely recognised as one of the leading student orchestras in the UK. Founded in 1955, ULSO was established to provide students from the diverse academic backgrounds of the University of London\u2019s component colleges with the opportunity to play together.\r\n<p>\r\n\r\n<p>\r\nThe orchestra seeks to provide students with the unique opportunity to study and perform some of the most challenging symphonic repertoire to the highest standard, catering both for those wishing to continue and develop their performance skills whilst completing degrees in non-musical subjects, as well as attracting members seeking to pursue careers in professional music.\r\n</p>",
        "html_id": "what-we-do"
    }
},
{
    "model": "website.accordioncard",
    "pk": 10,
    "fields": {
        "page": 4,
        "heading": "Who We Are",
        "order": 2,
        "body": "<h3>Players</h3>\r\n\r\n<p>\r\nULSO is made up of students from nearly every univerisity in London. We are unique in that we offer the opportunity to rehearse and perform large-scale symphonic works at an exceptionally high level and on a regular basis to students regardless of what they study - entry is soley by performance at auditon. We always have a mix of conservetoire students and students who wish to pursue music as a serious hobby.\r\n</p>\r\n\r\n<h3>Conductors</h3>\r\n\r\n<h4>Daniel Capps - Music Director</h4>\r\n<p>\r\nDaniel is Conductor at the New York City Ballet and is our current Music Director and Principal Conductor. He has conducted ULSO since 2010 and now performs around three projects with us per year. Read his full biography at <a href=\"http://daniel.capps.com\">danielcapps.com</a>.\r\n</p>\r\n\r\n<h4>Guest Conductors</h4>\r\n<p>\r\nEvery year, ULSO also invites professional guest conductors to take on some of our projects. We have been fortunate to have attracted conductors of exceptional quality, including Peter Stark, Justin Doyle, Masayuki Cavalho and William Carslake but to name a few.\r\n</p>",
        "html_id": "who-we-are"
    }
},
{
    "model": "website.accordioncard",
    "pk": 13,
    "fields": {
        "page": 2,
        "heading": "Competition Structure",
        "order": 2,
        "body": "<p>The competition is held over two rounds of auditions.</p>\r\n\r\n<p>In Round One, applicants are expected to play the first movement of a concerto lasting no longer than 10 minutes. Successful candidates will progress to Round Two.</p>\r\n\r\n<p>In Round Two, in which the Music Director will be present, and will ask candidates to perform selected passages or movements from an entire concerto of their choosing. This can be the same concerto as or a different one from Round One.</p>\r\n\r\n<p>For all rounds:</p>\r\n<ul>\r\n<li>\r\nYou must bring a copy of the piano or orchestral score of the piece you are performing for the panel\r\n</li>\r\n<li>\r\nIt is strongly recommended for you to perform with an accompanist. Unfortunately, ULSO will not be able to supply an accompanist.\r\n</li>\r\n<li> \r\nThe piece or concerto you choose to play in the competition can be the same or different from the one you eventually perform with ULSO.\r\n</li>\r\n</ul>",
        "html_id": "comp-structure"
    }
},
{
    "model": "website.image",
    "pk": 1,
    "fields": {
        "accordion_card": 3,
        "page": null,
        "section": null,
        "image": "DSC_5519-min.jpg",
        "alt": null,
        "caption": null
    }
},
{
    "model": "website.image",
    "pk": 2,
    "fields": {
        "accordion_card": 6,
        "page": null,
        "section": null,
        "image": "IMG_5776-min.jpg",
        "alt": "Violin section of ULSO",
        "caption": null
    }
},
{
    "model": "website.image",
    "pk": 3,
    "fields": {
        "accordion_card": null,
        "page": 8,
        "section": null,
        "image": "IMG_5857-min.jpg",
        "alt": null,
        "caption": null
    }
},
{
    "model": "website.image",
    "pk": 4,
    "fields": {
        "accordion_card": null,
        "page": 4,
        "section": null,
        "image": "IMG_7519-min.jpg",
        "alt": null,
        "caption": null
    }
},
{
    "model": "website.image",
    "pk": 5,
    "fields": {
        "accordion_card": null,
        "page": 2,
        "section": null,
        "image": "DSC_5246-min.jpg",
        "alt": null,
        "caption": null
    }
},
{
    "model": "auth.user",
    "fields": {
        "password": "pbkdf2_sha256$100000$MgpSzVmbONZ6$9sNskGoiwf79uGNuIpt4Lb2zQWNKi0Zqrnu72u9YG8s=",
        "last_login": "2018-08-21T09:17:14.079Z",
        "is_superuser": true,
        "username": "webmaster",
        "first_name": "",
        "last_name": "",
        "email": "webmaster@ulso.co.uk",
        "is_staff": true,
        "is_active": true,
        "date_joined": "2018-06-13T22:08:52.920Z",
        "groups": [],
        "user_permissions": []
    }
},
{
    "model": "sessions.session",
    "pk": "35b0t8b0fq3iwlpt9ewn3ecl38nhlwkx",
    "fields": {
        "session_data": "ZjQ4OGUwMTAwZjAwYmU3MTZlZWJiMTY1NDU2ZjVkOWU0ZWVmOGRlMzp7Il9hdXRoX3VzZXJfaWQiOiIxIiwiX2F1dGhfdXNlcl9iYWNrZW5kIjoiZGphbmdvLmNvbnRyaWIuYXV0aC5iYWNrZW5kcy5Nb2RlbEJhY2tlbmQiLCJfYXV0aF91c2VyX2hhc2giOiIwNGVmMzI0ZDk0ZDM0MzA5MDg3OTdiYThmNjNmMWRhZGQ1ODhiNGQ1In0=",
        "expire_date": "2018-08-03T19:14:12.336Z"
    }
},
{
    "model": "sessions.session",
    "pk": "5q5w5e6gv6wdozjwmu2qcfu3a3ohixvv",
    "fields": {
        "session_data": "ZjQ4OGUwMTAwZjAwYmU3MTZlZWJiMTY1NDU2ZjVkOWU0ZWVmOGRlMzp7Il9hdXRoX3VzZXJfaWQiOiIxIiwiX2F1dGhfdXNlcl9iYWNrZW5kIjoiZGphbmdvLmNvbnRyaWIuYXV0aC5iYWNrZW5kcy5Nb2RlbEJhY2tlbmQiLCJfYXV0aF91c2VyX2hhc2giOiIwNGVmMzI0ZDk0ZDM0MzA5MDg3OTdiYThmNjNmMWRhZGQ1ODhiNGQ1In0=",
        "expire_date": "2018-08-25T22:39:01.862Z"
    }
},
{
    "model": "sessions.session",
    "pk": "ha0n6vp02u4jg2kzyxd19p6trqlxeaqx",
    "fields": {
        "session_data": "ZjQ4OGUwMTAwZjAwYmU3MTZlZWJiMTY1NDU2ZjVkOWU0ZWVmOGRlMzp7Il9hdXRoX3VzZXJfaWQiOiIxIiwiX2F1dGhfdXNlcl9iYWNrZW5kIjoiZGphbmdvLmNvbnRyaWIuYXV0aC5iYWNrZW5kcy5Nb2RlbEJhY2tlbmQiLCJfYXV0aF91c2VyX2hhc2giOiIwNGVmMzI0ZDk0ZDM0MzA5MDg3OTdiYThmNjNmMWRhZGQ1ODhiNGQ1In0=",
        "expire_date": "2018-09-04T09:17:14.083Z"
    }
},
{
    "model": "sessions.session",
    "pk": "ld30iwnyu4aw5uo4yakd1jbcls63pwba",
    "fields": {
        "session_data": "ZjQ4OGUwMTAwZjAwYmU3MTZlZWJiMTY1NDU2ZjVkOWU0ZWVmOGRlMzp7Il9hdXRoX3VzZXJfaWQiOiIxIiwiX2F1dGhfdXNlcl9iYWNrZW5kIjoiZGphbmdvLmNvbnRyaWIuYXV0aC5iYWNrZW5kcy5Nb2RlbEJhY2tlbmQiLCJfYXV0aF91c2VyX2hhc2giOiIwNGVmMzI0ZDk0ZDM0MzA5MDg3OTdiYThmNjNmMWRhZGQ1ODhiNGQ1In0=",
        "expire_date": "2018-08-02T15:50:13.085Z"
    }
},
{
    "model": "sessions.session",
    "pk": "ox7nrawez8hvoog20y4y2e2q0kz24poz",
    "fields": {
        "session_data": "ZjQ4OGUwMTAwZjAwYmU3MTZlZWJiMTY1NDU2ZjVkOWU0ZWVmOGRlMzp7Il9hdXRoX3VzZXJfaWQiOiIxIiwiX2F1dGhfdXNlcl9iYWNrZW5kIjoiZGphbmdvLmNvbnRyaWIuYXV0aC5iYWNrZW5kcy5Nb2RlbEJhY2tlbmQiLCJfYXV0aF91c2VyX2hhc2giOiIwNGVmMzI0ZDk0ZDM0MzA5MDg3OTdiYThmNjNmMWRhZGQ1ODhiNGQ1In0=",
        "expire_date": "2018-08-18T17:39:20.403Z"
    }
},
{
    "model": "sessions.session",
    "pk": "ygmi8wbqmzsyqukfsjpopc8hmi2ndqjp",
    "fields": {
        "session_data": "ZjQ4OGUwMTAwZjAwYmU3MTZlZWJiMTY1NDU2ZjVkOWU0ZWVmOGRlMzp7Il9hdXRoX3VzZXJfaWQiOiIxIiwiX2F1dGhfdXNlcl9iYWNrZW5kIjoiZGphbmdvLmNvbnRyaWIuYXV0aC5iYWNrZW5kcy5Nb2RlbEJhY2tlbmQiLCJfYXV0aF91c2VyX2hhc2giOiIwNGVmMzI0ZDk0ZDM0MzA5MDg3OTdiYThmNjNmMWRhZGQ1ODhiNGQ1In0=",
        "expire_date": "2018-06-27T22:09:00.927Z"
    }
},
{
    "model": "admin.logentry",
    "pk": 1,
    "fields": {
        "action_time": "2018-06-13T22:09:18.705Z",
        "user": [
            "webmaster"
        ],
        "content_type": [
            "ulsosite",
            "page"
        ],
        "object_id": "1",
        "object_repr": "Rehearsals",
        "action_flag": 1,
        "change_message": "[{\"added\": {}}]"
    }
},
{
    "model": "admin.logentry",
    "pk": 2,
    "fields": {
        "action_time": "2018-06-13T22:11:17.202Z",
        "user": [
            "webmaster"
        ],
        "content_type": [
            "ulsosite",
            "page"
        ],
        "object_id": "1",
        "object_repr": "Rehearsals",
        "action_flag": 2,
        "change_message": "[{\"changed\": {\"fields\": [\"main_description\"]}}]"
    }
},
{
    "model": "admin.logentry",
    "pk": 3,
    "fields": {
        "action_time": "2018-06-13T22:24:05.718Z",
        "user": [
            "webmaster"
        ],
        "content_type": [
            "ulsosite",
            "page"
        ],
        "object_id": "2",
        "object_repr": "Concerto Competition",
        "action_flag": 1,
        "change_message": "[{\"added\": {}}]"
    }
},
{
    "model": "admin.logentry",
    "pk": 4,
    "fields": {
        "action_time": "2018-06-13T22:26:46.584Z",
        "user": [
            "webmaster"
        ],
        "content_type": [
            "ulsosite",
            "page"
        ],
        "object_id": "3",
        "object_repr": "Contact Us",
        "action_flag": 1,
        "change_message": "[{\"added\": {}}]"
    }
},
{
    "model": "admin.logentry",
    "pk": 5,
    "fields": {
        "action_time": "2018-06-13T22:29:46.393Z",
        "user": [
            "webmaster"
        ],
        "content_type": [
            "ulsosite",
            "page"
        ],
        "object_id": "3",
        "object_repr": "Contact Us",
        "action_flag": 2,
        "change_message": "[]"
    }
},
{
    "model": "admin.logentry",
    "pk": 6,
    "fields": {
        "action_time": "2018-06-13T22:33:35.542Z",
        "user": [
            "webmaster"
        ],
        "content_type": [
            "ulsosite",
            "page"
        ],
        "object_id": "3",
        "object_repr": "Contact Us",
        "action_flag": 2,
        "change_message": "[{\"changed\": {\"fields\": [\"body\"]}}]"
    }
},
{
    "model": "admin.logentry",
    "pk": 7,
    "fields": {
        "action_time": "2018-06-13T22:36:51.375Z",
        "user": [
            "webmaster"
        ],
        "content_type": [
            "ulsosite",
            "page"
        ],
        "object_id": "3",
        "object_repr": "Contact Us",
        "action_flag": 2,
        "change_message": "[{\"changed\": {\"fields\": [\"body\"]}}]"
    }
},
{
    "model": "admin.logentry",
    "pk": 8,
    "fields": {
        "action_time": "2018-06-13T22:37:00.093Z",
        "user": [
            "webmaster"
        ],
        "content_type": [
            "ulsosite",
            "page"
        ],
        "object_id": "1",
        "object_repr": "Rehearsals",
        "action_flag": 2,
        "change_message": "[{\"changed\": {\"fields\": [\"body\"]}}]"
    }
},
{
    "model": "admin.logentry",
    "pk": 9,
    "fields": {
        "action_time": "2018-06-13T22:40:13.827Z",
        "user": [
            "webmaster"
        ],
        "content_type": [
            "ulsosite",
            "page"
        ],
        "object_id": "4",
        "object_repr": "About",
        "action_flag": 1,
        "change_message": "[{\"added\": {}}, {\"added\": {\"name\": \"section\", \"object\": \"What We Do\"}}]"
    }
},
{
    "model": "admin.logentry",
    "pk": 10,
    "fields": {
        "action_time": "2018-06-13T22:40:20.157Z",
        "user": [
            "webmaster"
        ],
        "content_type": [
            "ulsosite",
            "page"
        ],
        "object_id": "4",
        "object_repr": "About",
        "action_flag": 2,
        "change_message": "[]"
    }
},
{
    "model": "admin.logentry",
    "pk": 11,
    "fields": {
        "action_time": "2018-06-15T21:55:28.237Z",
        "user": [
            "webmaster"
        ],
        "content_type": [
            "ulsosite",
            "page"
        ],
        "object_id": "4",
        "object_repr": "About",
        "action_flag": 2,
        "change_message": "[]"
    }
},
{
    "model": "admin.logentry",
    "pk": 12,
    "fields": {
        "action_time": "2018-06-15T22:00:47.841Z",
        "user": [
            "webmaster"
        ],
        "content_type": [
            "ulsosite",
            "page"
        ],
        "object_id": "5",
        "object_repr": "How to Join",
        "action_flag": 1,
        "change_message": "[{\"added\": {}}]"
    }
},
{
    "model": "admin.logentry",
    "pk": 13,
    "fields": {
        "action_time": "2018-06-15T22:01:50.713Z",
        "user": [
            "webmaster"
        ],
        "content_type": [
            "ulsosite",
            "page"
        ],
        "object_id": "5",
        "object_repr": "How to Join",
        "action_flag": 2,
        "change_message": "[]"
    }
},
{
    "model": "admin.logentry",
    "pk": 14,
    "fields": {
        "action_time": "2018-06-15T22:05:53.305Z",
        "user": [
            "webmaster"
        ],
        "content_type": [
            "ulsosite",
            "page"
        ],
        "object_id": "5",
        "object_repr": "How to Join",
        "action_flag": 3,
        "change_message": ""
    }
},
{
    "model": "admin.logentry",
    "pk": 15,
    "fields": {
        "action_time": "2018-06-15T22:07:34.327Z",
        "user": [
            "webmaster"
        ],
        "content_type": [
            "ulsosite",
            "page"
        ],
        "object_id": "8",
        "object_repr": "How to Join",
        "action_flag": 1,
        "change_message": "[{\"added\": {}}, {\"added\": {\"name\": \"accordion card\", \"object\": \"Rehearsals\"}}]"
    }
},
{
    "model": "admin.logentry",
    "pk": 16,
    "fields": {
        "action_time": "2018-06-15T22:09:26.992Z",
        "user": [
            "webmaster"
        ],
        "content_type": [
            "ulsosite",
            "page"
        ],
        "object_id": "8",
        "object_repr": "How to Join",
        "action_flag": 2,
        "change_message": "[{\"changed\": {\"fields\": [\"body\"]}}, {\"added\": {\"name\": \"accordion card\", \"object\": \"Eligibility\"}}, {\"changed\": {\"name\": \"accordion card\", \"object\": \"Rehearsals\", \"fields\": [\"body\"]}}]"
    }
},
{
    "model": "admin.logentry",
    "pk": 17,
    "fields": {
        "action_time": "2018-06-15T22:22:43.668Z",
        "user": [
            "webmaster"
        ],
        "content_type": [
            "ulsosite",
            "page"
        ],
        "object_id": "8",
        "object_repr": "How to Join",
        "action_flag": 2,
        "change_message": "[]"
    }
},
{
    "model": "admin.logentry",
    "pk": 18,
    "fields": {
        "action_time": "2018-06-15T22:24:51.258Z",
        "user": [
            "webmaster"
        ],
        "content_type": [
            "ulsosite",
            "page"
        ],
        "object_id": "8",
        "object_repr": "How to Join",
        "action_flag": 2,
        "change_message": "[{\"changed\": {\"fields\": [\"body\"]}}]"
    }
},
{
    "model": "admin.logentry",
    "pk": 19,
    "fields": {
        "action_time": "2018-06-15T22:44:06.175Z",
        "user": [
            "webmaster"
        ],
        "content_type": [
            "ulsosite",
            "page"
        ],
        "object_id": "8",
        "object_repr": "How to Join",
        "action_flag": 2,
        "change_message": "[{\"added\": {\"name\": \"accordion card\", \"object\": \"3 Audition Requirements\"}}, {\"changed\": {\"name\": \"accordion card\", \"object\": \"1 Rehearsals\", \"fields\": [\"body\"]}}, {\"changed\": {\"name\": \"accordion card\", \"object\": \"2 Eligibility\", \"fields\": [\"body\"]}}]"
    }
},
{
    "model": "admin.logentry",
    "pk": 20,
    "fields": {
        "action_time": "2018-06-15T22:44:54.566Z",
        "user": [
            "webmaster"
        ],
        "content_type": [
            "ulsosite",
            "page"
        ],
        "object_id": "8",
        "object_repr": "How to Join",
        "action_flag": 2,
        "change_message": "[{\"changed\": {\"name\": \"accordion card\", \"object\": \"3 Audition Requirements\", \"fields\": [\"body\"]}}]"
    }
},
{
    "model": "admin.logentry",
    "pk": 21,
    "fields": {
        "action_time": "2018-06-15T22:46:20.964Z",
        "user": [
            "webmaster"
        ],
        "content_type": [
            "ulsosite",
            "page"
        ],
        "object_id": "8",
        "object_repr": "How to Join",
        "action_flag": 2,
        "change_message": "[]"
    }
},
{
    "model": "admin.logentry",
    "pk": 22,
    "fields": {
        "action_time": "2018-06-15T22:48:01.196Z",
        "user": [
            "webmaster"
        ],
        "content_type": [
            "ulsosite",
            "page"
        ],
        "object_id": "8",
        "object_repr": "How to Join",
        "action_flag": 2,
        "change_message": "[{\"added\": {\"name\": \"accordion card\", \"object\": \"4 Depping Policy\"}}]"
    }
},
{
    "model": "admin.logentry",
    "pk": 23,
    "fields": {
        "action_time": "2018-06-15T22:50:35.526Z",
        "user": [
            "webmaster"
        ],
        "content_type": [
            "ulsosite",
            "page"
        ],
        "object_id": "8",
        "object_repr": "How to Join",
        "action_flag": 2,
        "change_message": "[{\"added\": {\"name\": \"accordion card\", \"object\": \"5 Membership Fees\"}}, {\"added\": {\"name\": \"accordion card\", \"object\": \"6 Leader Auditions\"}}]"
    }
},
{
    "model": "admin.logentry",
    "pk": 24,
    "fields": {
        "action_time": "2018-06-15T22:52:45.203Z",
        "user": [
            "webmaster"
        ],
        "content_type": [
            "ulsosite",
            "page"
        ],
        "object_id": "8",
        "object_repr": "How to Join",
        "action_flag": 2,
        "change_message": "[{\"added\": {\"name\": \"accordion card\", \"object\": \"7 Mid-Year Entry\"}}, {\"added\": {\"name\": \"accordion card\", \"object\": \"8 Audition Tips\"}}]"
    }
},
{
    "model": "admin.logentry",
    "pk": 25,
    "fields": {
        "action_time": "2018-06-15T22:55:17.669Z",
        "user": [
            "webmaster"
        ],
        "content_type": [
            "ulsosite",
            "page"
        ],
        "object_id": "8",
        "object_repr": "How to Join",
        "action_flag": 2,
        "change_message": "[{\"added\": {\"name\": \"section\", \"object\": \"9 questions\"}}]"
    }
},
{
    "model": "admin.logentry",
    "pk": 26,
    "fields": {
        "action_time": "2018-06-15T22:55:42.759Z",
        "user": [
            "webmaster"
        ],
        "content_type": [
            "ulsosite",
            "page"
        ],
        "object_id": "8",
        "object_repr": "How to Join",
        "action_flag": 2,
        "change_message": "[]"
    }
},
{
    "model": "admin.logentry",
    "pk": 27,
    "fields": {
        "action_time": "2018-06-15T22:59:08.509Z",
        "user": [
            "webmaster"
        ],
        "content_type": [
            "ulsosite",
            "page"
        ],
        "object_id": "8",
        "object_repr": "How to Join",
        "action_flag": 2,
        "change_message": "[{\"changed\": {\"name\": \"accordion card\", \"object\": \"6 Leader Auditions\", \"fields\": [\"body\"]}}]"
    }
},
{
    "model": "admin.logentry",
    "pk": 28,
    "fields": {
        "action_time": "2018-06-15T23:02:31.713Z",
        "user": [
            "webmaster"
        ],
        "content_type": [
            "ulsosite",
            "page"
        ],
        "object_id": "8",
        "object_repr": "How to Join",
        "action_flag": 2,
        "change_message": "[{\"changed\": {\"name\": \"accordion card\", \"object\": \"3 Audition Requirements\", \"fields\": [\"body\"]}}]"
    }
},
{
    "model": "admin.logentry",
    "pk": 29,
    "fields": {
        "action_time": "2018-06-20T18:47:43.747Z",
        "user": [
            "webmaster"
        ],
        "content_type": [
            "ulsosite",
            "page"
        ],
        "object_id": "8",
        "object_repr": "How to Join",
        "action_flag": 2,
        "change_message": "[{\"changed\": {\"name\": \"accordion card\", \"object\": \"3 Audition Requirements\", \"fields\": [\"body\"]}}]"
    }
},
{
    "model": "admin.logentry",
    "pk": 30,
    "fields": {
        "action_time": "2018-06-20T18:53:08.971Z",
        "user": [
            "webmaster"
        ],
        "content_type": [
            "ulsosite",
            "page"
        ],
        "object_id": "8",
        "object_repr": "How to Join",
        "action_flag": 2,
        "change_message": "[{\"changed\": {\"name\": \"accordion card\", \"object\": \"6 Leader Auditions\", \"fields\": [\"body\"]}}]"
    }
},
{
    "model": "admin.logentry",
    "pk": 31,
    "fields": {
        "action_time": "2018-06-20T18:54:48.190Z",
        "user": [
            "webmaster"
        ],
        "content_type": [
            "ulsosite",
            "page"
        ],
        "object_id": "8",
        "object_repr": "How to Join",
        "action_flag": 2,
        "change_message": "[{\"changed\": {\"name\": \"accordion card\", \"object\": \"6 Leader Auditions\", \"fields\": [\"body\"]}}]"
    }
},
{
    "model": "admin.logentry",
    "pk": 32,
    "fields": {
        "action_time": "2018-06-20T19:01:51.132Z",
        "user": [
            "webmaster"
        ],
        "content_type": [
            "ulsosite",
            "page"
        ],
        "object_id": "8",
        "object_repr": "How to Join",
        "action_flag": 2,
        "change_message": "[{\"changed\": {\"name\": \"accordion card\", \"object\": \"6 Leader Auditions\", \"fields\": [\"body\"]}}]"
    }
},
{
    "model": "admin.logentry",
    "pk": 33,
    "fields": {
        "action_time": "2018-06-20T19:02:29.741Z",
        "user": [
            "webmaster"
        ],
        "content_type": [
            "ulsosite",
            "page"
        ],
        "object_id": "8",
        "object_repr": "How to Join",
        "action_flag": 2,
        "change_message": "[{\"changed\": {\"name\": \"accordion card\", \"object\": \"6 Leader Auditions\", \"fields\": [\"body\"]}}]"
    }
},
{
    "model": "admin.logentry",
    "pk": 34,
    "fields": {
        "action_time": "2018-06-20T19:04:06.204Z",
        "user": [
            "webmaster"
        ],
        "content_type": [
            "ulsosite",
            "page"
        ],
        "object_id": "8",
        "object_repr": "How to Join",
        "action_flag": 2,
        "change_message": "[{\"changed\": {\"name\": \"accordion card\", \"object\": \"6 Leader Auditions\", \"fields\": [\"body\"]}}]"
    }
},
{
    "model": "admin.logentry",
    "pk": 35,
    "fields": {
        "action_time": "2018-06-20T19:23:44.926Z",
        "user": [
            "webmaster"
        ],
        "content_type": [
            "ulsosite",
            "accordioncard"
        ],
        "object_id": "3",
        "object_repr": "3 Audition Requirements",
        "action_flag": 2,
        "change_message": "[{\"changed\": {\"fields\": [\"body\"]}}, {\"added\": {\"name\": \"image\", \"object\": \"Image object (1)\"}}]"
    }
},
{
    "model": "admin.logentry",
    "pk": 36,
    "fields": {
        "action_time": "2018-06-20T19:31:53.091Z",
        "user": [
            "webmaster"
        ],
        "content_type": [
            "ulsosite",
            "accordioncard"
        ],
        "object_id": "3",
        "object_repr": "3 Audition Requirements",
        "action_flag": 2,
        "change_message": "[]"
    }
},
{
    "model": "admin.logentry",
    "pk": 37,
    "fields": {
        "action_time": "2018-07-19T15:53:22.800Z",
        "user": [
            "webmaster"
        ],
        "content_type": [
            "ulsosite",
            "section"
        ],
        "object_id": "9",
        "object_repr": "9 Questions",
        "action_flag": 2,
        "change_message": "[{\"changed\": {\"fields\": [\"heading\"]}}]"
    }
},
{
    "model": "admin.logentry",
    "pk": 38,
    "fields": {
        "action_time": "2018-07-19T16:07:58.967Z",
        "user": [
            "webmaster"
        ],
        "content_type": [
            "ulsosite",
            "accordioncard"
        ],
        "object_id": "6",
        "object_repr": "Leader Auditions",
        "action_flag": 2,
        "change_message": "[{\"changed\": {\"fields\": [\"body\"]}}, {\"added\": {\"name\": \"image\", \"object\": \"Image object (2)\"}}]"
    }
},
{
    "model": "admin.logentry",
    "pk": 39,
    "fields": {
        "action_time": "2018-07-19T16:12:34.461Z",
        "user": [
            "webmaster"
        ],
        "content_type": [
            "ulsosite",
            "accordioncard"
        ],
        "object_id": "5",
        "object_repr": "Membership Fees",
        "action_flag": 2,
        "change_message": "[]"
    }
},
{
    "model": "admin.logentry",
    "pk": 40,
    "fields": {
        "action_time": "2018-07-19T16:22:41.863Z",
        "user": [
            "webmaster"
        ],
        "content_type": [
            "ulsosite",
            "conductor"
        ],
        "object_id": "1",
        "object_repr": "Daniel Capps",
        "action_flag": 1,
        "change_message": "[{\"added\": {}}]"
    }
},
{
    "model": "admin.logentry",
    "pk": 41,
    "fields": {
        "action_time": "2018-07-19T16:23:04.470Z",
        "user": [
            "webmaster"
        ],
        "content_type": [
            "ulsosite",
            "piece"
        ],
        "object_id": "1",
        "object_repr": "Dvorak - Symphony No. 8",
        "action_flag": 1,
        "change_message": "[{\"added\": {}}]"
    }
},
{
    "model": "admin.logentry",
    "pk": 42,
    "fields": {
        "action_time": "2018-07-19T16:24:46.549Z",
        "user": [
            "webmaster"
        ],
        "content_type": [
            "ulsosite",
            "concert"
        ],
        "object_id": "2",
        "object_repr": "Autumn - 2018-11-18 - Daniel Capps",
        "action_flag": 1,
        "change_message": "[{\"added\": {}}, {\"added\": {\"name\": \"piece-concert relationship\", \"object\": \"Piece_concert object (2)\"}}]"
    }
},
{
    "model": "admin.logentry",
    "pk": 43,
    "fields": {
        "action_time": "2018-07-19T16:26:13.526Z",
        "user": [
            "webmaster"
        ],
        "content_type": [
            "ulsosite",
            "concert"
        ],
        "object_id": "2",
        "object_repr": "Autumn - 2018-11-18 - Daniel Capps",
        "action_flag": 2,
        "change_message": "[{\"added\": {\"name\": \"rehearsal\", \"object\": \"2018-07-19 19:00:00-22:00:00\"}}, {\"added\": {\"name\": \"rehearsal\", \"object\": \"2018-07-18 19:00:00-22:00:00\"}}]"
    }
},
{
    "model": "admin.logentry",
    "pk": 44,
    "fields": {
        "action_time": "2018-07-19T16:26:59.092Z",
        "user": [
            "webmaster"
        ],
        "content_type": [
            "ulsosite",
            "concert"
        ],
        "object_id": "2",
        "object_repr": "Autumn - 2018-11-18 - Daniel Capps",
        "action_flag": 2,
        "change_message": "[{\"added\": {\"name\": \"rehearsal\", \"object\": \"2018-10-30 19:00:00-22:00:00\"}}, {\"added\": {\"name\": \"rehearsal\", \"object\": \"2018-11-06 19:00:00-22:00:00\"}}, {\"added\": {\"name\": \"rehearsal\", \"object\": \"2018-11-13 19:00:00-22:00:00\"}}, {\"added\": {\"name\": \"rehearsal\", \"object\": \"2018-11-18 14:00:00-17:00:00\"}}, {\"changed\": {\"name\": \"rehearsal\", \"object\": \"2018-10-16 19:00:00-22:00:00\", \"fields\": [\"date\"]}}, {\"changed\": {\"name\": \"rehearsal\", \"object\": \"2018-10-23 19:00:00-22:00:00\", \"fields\": [\"date\"]}}]"
    }
},
{
    "model": "admin.logentry",
    "pk": 45,
    "fields": {
        "action_time": "2018-07-19T16:42:01.353Z",
        "user": [
            "webmaster"
        ],
        "content_type": [
            "ulsosite",
            "concert"
        ],
        "object_id": "2",
        "object_repr": "Autumn - 2018-11-18 - Daniel Capps",
        "action_flag": 3,
        "change_message": ""
    }
},
{
    "model": "admin.logentry",
    "pk": 46,
    "fields": {
        "action_time": "2018-07-19T16:43:24.073Z",
        "user": [
            "webmaster"
        ],
        "content_type": [
            "ulsosite",
            "piece"
        ],
        "object_id": "2",
        "object_repr": "Bernstein - OVerture to Candide",
        "action_flag": 1,
        "change_message": "[{\"added\": {}}]"
    }
},
{
    "model": "admin.logentry",
    "pk": 47,
    "fields": {
        "action_time": "2018-07-19T16:43:33.315Z",
        "user": [
            "webmaster"
        ],
        "content_type": [
            "ulsosite",
            "piece"
        ],
        "object_id": "2",
        "object_repr": "Bernstein - Overture to Candide",
        "action_flag": 2,
        "change_message": "[{\"changed\": {\"fields\": [\"piece\"]}}]"
    }
},
{
    "model": "admin.logentry",
    "pk": 48,
    "fields": {
        "action_time": "2018-07-19T16:43:41.496Z",
        "user": [
            "webmaster"
        ],
        "content_type": [
            "ulsosite",
            "concert"
        ],
        "object_id": "3",
        "object_repr": "Autumn Project - 2018-11-18 - Daniel Capps",
        "action_flag": 1,
        "change_message": "[{\"added\": {}}, {\"added\": {\"name\": \"piece-concert relationship\", \"object\": \"Piece_concert object (3)\"}}, {\"added\": {\"name\": \"piece-concert relationship\", \"object\": \"Piece_concert object (4)\"}}, {\"added\": {\"name\": \"rehearsal\", \"object\": \"2018-07-19 19:00:00-22:00:00\"}}, {\"added\": {\"name\": \"rehearsal\", \"object\": \"2018-07-26 19:00:00-22:00:00\"}}]"
    }
},
{
    "model": "admin.logentry",
    "pk": 49,
    "fields": {
        "action_time": "2018-07-20T19:41:25.682Z",
        "user": [
            "webmaster"
        ],
        "content_type": [
            "ulsosite",
            "page"
        ],
        "object_id": "4",
        "object_repr": "About",
        "action_flag": 2,
        "change_message": "[{\"changed\": {\"name\": \"section\", \"object\": \"0 None\", \"fields\": [\"order\"]}}, {\"added\": {\"name\": \"accordion card\", \"object\": \"What We Do\"}}]"
    }
},
{
    "model": "admin.logentry",
    "pk": 50,
    "fields": {
        "action_time": "2018-07-20T19:41:51.934Z",
        "user": [
            "webmaster"
        ],
        "content_type": [
            "ulsosite",
            "page"
        ],
        "object_id": "4",
        "object_repr": "About",
        "action_flag": 2,
        "change_message": "[{\"deleted\": {\"name\": \"section\", \"object\": \"None What We Do\"}}]"
    }
},
{
    "model": "admin.logentry",
    "pk": 51,
    "fields": {
        "action_time": "2018-07-20T19:47:35.684Z",
        "user": [
            "webmaster"
        ],
        "content_type": [
            "ulsosite",
            "page"
        ],
        "object_id": "4",
        "object_repr": "About",
        "action_flag": 2,
        "change_message": "[{\"added\": {\"name\": \"accordion card\", \"object\": \"Who We Are\"}}]"
    }
},
{
    "model": "admin.logentry",
    "pk": 52,
    "fields": {
        "action_time": "2018-07-20T19:51:00.365Z",
        "user": [
            "webmaster"
        ],
        "content_type": [
            "ulsosite",
            "page"
        ],
        "object_id": "9",
        "object_repr": "What's On",
        "action_flag": 1,
        "change_message": "[{\"added\": {}}]"
    }
},
{
    "model": "admin.logentry",
    "pk": 53,
    "fields": {
        "action_time": "2018-07-20T20:11:44.946Z",
        "user": [
            "webmaster"
        ],
        "content_type": [
            "ulsosite",
            "piece"
        ],
        "object_id": "2",
        "object_repr": "Bernstein - Overture to Candide",
        "action_flag": 2,
        "change_message": "[]"
    }
},
{
    "model": "admin.logentry",
    "pk": 54,
    "fields": {
        "action_time": "2018-07-30T20:24:44.148Z",
        "user": [
            "webmaster"
        ],
        "content_type": [
            "ulsosite",
            "committeemember"
        ],
        "object_id": "1",
        "object_repr": "Chris Green",
        "action_flag": 1,
        "change_message": "[{\"added\": {}}]"
    }
},
{
    "model": "admin.logentry",
    "pk": 55,
    "fields": {
        "action_time": "2018-07-30T20:25:38.183Z",
        "user": [
            "webmaster"
        ],
        "content_type": [
            "ulsosite",
            "committeemember"
        ],
        "object_id": "2",
        "object_repr": "Mimi Zhou",
        "action_flag": 1,
        "change_message": "[{\"added\": {}}]"
    }
},
{
    "model": "admin.logentry",
    "pk": 56,
    "fields": {
        "action_time": "2018-07-30T20:48:44.741Z",
        "user": [
            "webmaster"
        ],
        "content_type": [
            "ulsosite",
            "page"
        ],
        "object_id": "10",
        "object_repr": "Committee",
        "action_flag": 1,
        "change_message": "[{\"added\": {}}]"
    }
},
{
    "model": "admin.logentry",
    "pk": 57,
    "fields": {
        "action_time": "2018-07-30T20:52:33.505Z",
        "user": [
            "webmaster"
        ],
        "content_type": [
            "ulsosite",
            "committeemember"
        ],
        "object_id": "2",
        "object_repr": "Mimi Zhou",
        "action_flag": 2,
        "change_message": "[{\"changed\": {\"fields\": [\"role\"]}}]"
    }
},
{
    "model": "admin.logentry",
    "pk": 58,
    "fields": {
        "action_time": "2018-07-30T20:54:45.432Z",
        "user": [
            "webmaster"
        ],
        "content_type": [
            "ulsosite",
            "committeemember"
        ],
        "object_id": "1",
        "object_repr": "Chris Green",
        "action_flag": 2,
        "change_message": "[{\"changed\": {\"fields\": [\"photo\"]}}]"
    }
},
{
    "model": "admin.logentry",
    "pk": 59,
    "fields": {
        "action_time": "2018-07-30T21:02:08.163Z",
        "user": [
            "webmaster"
        ],
        "content_type": [
            "ulsosite",
            "committeemember"
        ],
        "object_id": "2",
        "object_repr": "Mimi Zhou",
        "action_flag": 2,
        "change_message": "[{\"changed\": {\"fields\": [\"photo\"]}}]"
    }
},
{
    "model": "admin.logentry",
    "pk": 60,
    "fields": {
        "action_time": "2018-07-30T21:05:16.066Z",
        "user": [
            "webmaster"
        ],
        "content_type": [
            "ulsosite",
            "page"
        ],
        "object_id": "4",
        "object_repr": "About",
        "action_flag": 2,
        "change_message": "[{\"deleted\": {\"name\": \"section\", \"object\": \"None None\"}}]"
    }
},
{
    "model": "admin.logentry",
    "pk": 61,
    "fields": {
        "action_time": "2018-07-30T21:07:58.219Z",
        "user": [
            "webmaster"
        ],
        "content_type": [
            "ulsosite",
            "page"
        ],
        "object_id": "4",
        "object_repr": "About",
        "action_flag": 2,
        "change_message": "[{\"added\": {\"name\": \"accordion card\", \"object\": \"Committee\"}}]"
    }
},
{
    "model": "admin.logentry",
    "pk": 62,
    "fields": {
        "action_time": "2018-07-30T21:08:40.817Z",
        "user": [
            "webmaster"
        ],
        "content_type": [
            "ulsosite",
            "page"
        ],
        "object_id": "4",
        "object_repr": "About",
        "action_flag": 2,
        "change_message": "[{\"changed\": {\"name\": \"accordion card\", \"object\": \"Committee\", \"fields\": [\"order\", \"body\"]}}]"
    }
},
{
    "model": "admin.logentry",
    "pk": 63,
    "fields": {
        "action_time": "2018-07-30T21:09:12.299Z",
        "user": [
            "webmaster"
        ],
        "content_type": [
            "ulsosite",
            "page"
        ],
        "object_id": "4",
        "object_repr": "About",
        "action_flag": 2,
        "change_message": "[{\"changed\": {\"name\": \"accordion card\", \"object\": \"Committee\", \"fields\": [\"body\"]}}]"
    }
},
{
    "model": "admin.logentry",
    "pk": 64,
    "fields": {
        "action_time": "2018-07-30T21:09:45.178Z",
        "user": [
            "webmaster"
        ],
        "content_type": [
            "ulsosite",
            "page"
        ],
        "object_id": "4",
        "object_repr": "About",
        "action_flag": 2,
        "change_message": "[{\"changed\": {\"name\": \"accordion card\", \"object\": \"Committee\", \"fields\": [\"body\"]}}]"
    }
},
{
    "model": "admin.logentry",
    "pk": 65,
    "fields": {
        "action_time": "2018-07-30T21:15:31.663Z",
        "user": [
            "webmaster"
        ],
        "content_type": [
            "ulsosite",
            "concert"
        ],
        "object_id": "3",
        "object_repr": "Autumn Project - 2018-11-18 - Daniel Capps",
        "action_flag": 2,
        "change_message": "[{\"changed\": {\"fields\": [\"poster\"]}}]"
    }
},
{
    "model": "admin.logentry",
    "pk": 66,
    "fields": {
        "action_time": "2018-07-30T21:22:31.238Z",
        "user": [
            "webmaster"
        ],
        "content_type": [
            "ulsosite",
            "concert"
        ],
        "object_id": "3",
        "object_repr": "Autumn Project - 2018-11-18 - Daniel Capps",
        "action_flag": 2,
        "change_message": "[{\"added\": {\"name\": \"poster\", \"object\": \"Poster object (1)\"}}]"
    }
},
{
    "model": "admin.logentry",
    "pk": 67,
    "fields": {
        "action_time": "2018-07-30T21:30:00.195Z",
        "user": [
            "webmaster"
        ],
        "content_type": [
            "ulsosite",
            "piece"
        ],
        "object_id": "3",
        "object_repr": "Tchaikovsky - Symphony No. 6",
        "action_flag": 1,
        "change_message": "[{\"added\": {}}]"
    }
},
{
    "model": "admin.logentry",
    "pk": 68,
    "fields": {
        "action_time": "2018-07-30T21:30:35.659Z",
        "user": [
            "webmaster"
        ],
        "content_type": [
            "ulsosite",
            "piece"
        ],
        "object_id": "4",
        "object_repr": "Shostakovich - Cello Concerto No. 1",
        "action_flag": 1,
        "change_message": "[{\"added\": {}}]"
    }
},
{
    "model": "admin.logentry",
    "pk": 69,
    "fields": {
        "action_time": "2018-07-30T21:30:48.472Z",
        "user": [
            "webmaster"
        ],
        "content_type": [
            "ulsosite",
            "piece"
        ],
        "object_id": "5",
        "object_repr": "Bern - Overture to Candide",
        "action_flag": 1,
        "change_message": "[{\"added\": {}}]"
    }
},
{
    "model": "admin.logentry",
    "pk": 70,
    "fields": {
        "action_time": "2018-07-30T21:31:08.948Z",
        "user": [
            "webmaster"
        ],
        "content_type": [
            "ulsosite",
            "concert"
        ],
        "object_id": "4",
        "object_repr": "Winter Project - 2019-02-10 - Daniel Capps",
        "action_flag": 1,
        "change_message": "[{\"added\": {}}, {\"added\": {\"name\": \"piece-concert relationship\", \"object\": \"Piece_concert object (5)\"}}, {\"added\": {\"name\": \"piece-concert relationship\", \"object\": \"Piece_concert object (6)\"}}, {\"added\": {\"name\": \"piece-concert relationship\", \"object\": \"Piece_concert object (7)\"}}]"
    }
},
{
    "model": "admin.logentry",
    "pk": 71,
    "fields": {
        "action_time": "2018-07-30T21:51:52.033Z",
        "user": [
            "webmaster"
        ],
        "content_type": [
            "ulsosite",
            "concert"
        ],
        "object_id": "4",
        "object_repr": "Winter Project - 2019-02-10 - Daniel Capps",
        "action_flag": 2,
        "change_message": "[{\"deleted\": {\"name\": \"piece-concert relationship\", \"object\": \"Piece_concert object (None)\"}}]"
    }
},
{
    "model": "admin.logentry",
    "pk": 72,
    "fields": {
        "action_time": "2018-07-30T21:52:16.665Z",
        "user": [
            "webmaster"
        ],
        "content_type": [
            "ulsosite",
            "piece"
        ],
        "object_id": "6",
        "object_repr": "Humperdinck - Hansel and Gretel Overture",
        "action_flag": 1,
        "change_message": "[{\"added\": {}}]"
    }
},
{
    "model": "admin.logentry",
    "pk": 73,
    "fields": {
        "action_time": "2018-07-30T21:52:20.667Z",
        "user": [
            "webmaster"
        ],
        "content_type": [
            "ulsosite",
            "concert"
        ],
        "object_id": "4",
        "object_repr": "Winter Project - 2019-02-10 - Daniel Capps",
        "action_flag": 2,
        "change_message": "[{\"added\": {\"name\": \"piece-concert relationship\", \"object\": \"Piece_concert object (8)\"}}]"
    }
},
{
    "model": "admin.logentry",
    "pk": 74,
    "fields": {
        "action_time": "2018-07-30T21:53:06.744Z",
        "user": [
            "webmaster"
        ],
        "content_type": [
            "ulsosite",
            "conductor"
        ],
        "object_id": "1",
        "object_repr": "Peter Stark",
        "action_flag": 2,
        "change_message": "[{\"changed\": {\"fields\": [\"first_name\", \"last_name\", \"email\", \"website\"]}}]"
    }
},
{
    "model": "admin.logentry",
    "pk": 75,
    "fields": {
        "action_time": "2018-07-30T21:53:08.309Z",
        "user": [
            "webmaster"
        ],
        "content_type": [
            "ulsosite",
            "concert"
        ],
        "object_id": "4",
        "object_repr": "Winter Project - 2019-02-10 - Peter Stark",
        "action_flag": 2,
        "change_message": "[]"
    }
},
{
    "model": "admin.logentry",
    "pk": 76,
    "fields": {
        "action_time": "2018-07-30T21:54:06.413Z",
        "user": [
            "webmaster"
        ],
        "content_type": [
            "ulsosite",
            "piece"
        ],
        "object_id": "8",
        "object_repr": "Shostakovich - Symphony No. 10",
        "action_flag": 1,
        "change_message": "[{\"added\": {}}]"
    }
},
{
    "model": "admin.logentry",
    "pk": 77,
    "fields": {
        "action_time": "2018-07-30T21:54:36.243Z",
        "user": [
            "webmaster"
        ],
        "content_type": [
            "ulsosite",
            "conductor"
        ],
        "object_id": "2",
        "object_repr": "Daniel Capps",
        "action_flag": 1,
        "change_message": "[{\"added\": {}}]"
    }
},
{
    "model": "admin.logentry",
    "pk": 78,
    "fields": {
        "action_time": "2018-07-30T21:54:38.045Z",
        "user": [
            "webmaster"
        ],
        "content_type": [
            "ulsosite",
            "concert"
        ],
        "object_id": "5",
        "object_repr": "Spring Concert - 2019-03-16 - Daniel Capps",
        "action_flag": 1,
        "change_message": "[{\"added\": {}}, {\"added\": {\"name\": \"piece-concert relationship\", \"object\": \"Piece_concert object (9)\"}}]"
    }
},
{
    "model": "admin.logentry",
    "pk": 79,
    "fields": {
        "action_time": "2018-07-30T21:54:43.540Z",
        "user": [
            "webmaster"
        ],
        "content_type": [
            "ulsosite",
            "concert"
        ],
        "object_id": "3",
        "object_repr": "Autumn Project - 2018-11-18 - Daniel Capps",
        "action_flag": 2,
        "change_message": "[{\"changed\": {\"fields\": [\"conductor\"]}}]"
    }
},
{
    "model": "admin.logentry",
    "pk": 80,
    "fields": {
        "action_time": "2018-07-30T21:57:27.238Z",
        "user": [
            "webmaster"
        ],
        "content_type": [
            "ulsosite",
            "page"
        ],
        "object_id": "2",
        "object_repr": "Concerto Competition",
        "action_flag": 2,
        "change_message": "[]"
    }
},
{
    "model": "admin.logentry",
    "pk": 81,
    "fields": {
        "action_time": "2018-07-30T22:00:31.949Z",
        "user": [
            "webmaster"
        ],
        "content_type": [
            "ulsosite",
            "concertowinner"
        ],
        "object_id": "1",
        "object_repr": "Alex McFarlane",
        "action_flag": 1,
        "change_message": "[{\"added\": {}}]"
    }
},
{
    "model": "admin.logentry",
    "pk": 82,
    "fields": {
        "action_time": "2018-07-30T22:00:38.697Z",
        "user": [
            "webmaster"
        ],
        "content_type": [
            "ulsosite",
            "concertowinner"
        ],
        "object_id": "1",
        "object_repr": "Alex McFarlane",
        "action_flag": 2,
        "change_message": "[]"
    }
},
{
    "model": "admin.logentry",
    "pk": 83,
    "fields": {
        "action_time": "2018-07-30T22:01:36.219Z",
        "user": [
            "webmaster"
        ],
        "content_type": [
            "ulsosite",
            "concertowinner"
        ],
        "object_id": "3",
        "object_repr": "Angharad Thomas",
        "action_flag": 1,
        "change_message": "[{\"added\": {}}]"
    }
},
{
    "model": "admin.logentry",
    "pk": 84,
    "fields": {
        "action_time": "2018-07-30T22:01:59.430Z",
        "user": [
            "webmaster"
        ],
        "content_type": [
            "ulsosite",
            "concertowinner"
        ],
        "object_id": "1",
        "object_repr": "Alex McFarlane",
        "action_flag": 2,
        "change_message": "[]"
    }
},
{
    "model": "admin.logentry",
    "pk": 85,
    "fields": {
        "action_time": "2018-07-30T22:04:41.134Z",
        "user": [
            "webmaster"
        ],
        "content_type": [
            "ulsosite",
            "concertowinner"
        ],
        "object_id": "3",
        "object_repr": "Angharad Thomas",
        "action_flag": 2,
        "change_message": "[]"
    }
},
{
    "model": "admin.logentry",
    "pk": 86,
    "fields": {
        "action_time": "2018-07-30T22:04:47.161Z",
        "user": [
            "webmaster"
        ],
        "content_type": [
            "ulsosite",
            "concertowinner"
        ],
        "object_id": "3",
        "object_repr": "Angharad Thomas",
        "action_flag": 2,
        "change_message": "[{\"changed\": {\"fields\": [\"instrument\"]}}]"
    }
},
{
    "model": "admin.logentry",
    "pk": 87,
    "fields": {
        "action_time": "2018-07-30T22:04:53.466Z",
        "user": [
            "webmaster"
        ],
        "content_type": [
            "ulsosite",
            "concertowinner"
        ],
        "object_id": "1",
        "object_repr": "Alex McFarlane",
        "action_flag": 2,
        "change_message": "[{\"changed\": {\"fields\": [\"instrument\"]}}]"
    }
},
{
    "model": "admin.logentry",
    "pk": 88,
    "fields": {
        "action_time": "2018-07-30T22:05:13.632Z",
        "user": [
            "webmaster"
        ],
        "content_type": [
            "ulsosite",
            "concertowinner"
        ],
        "object_id": "4",
        "object_repr": "Silvija Scerbaviciute",
        "action_flag": 1,
        "change_message": "[{\"added\": {}}]"
    }
},
{
    "model": "admin.logentry",
    "pk": 89,
    "fields": {
        "action_time": "2018-07-30T22:05:35.019Z",
        "user": [
            "webmaster"
        ],
        "content_type": [
            "ulsosite",
            "concertowinner"
        ],
        "object_id": "4",
        "object_repr": "Silvija Scerbaviciute",
        "action_flag": 2,
        "change_message": "[{\"changed\": {\"fields\": [\"season\", \"piece\"]}}]"
    }
},
{
    "model": "admin.logentry",
    "pk": 90,
    "fields": {
        "action_time": "2018-07-30T22:05:50.019Z",
        "user": [
            "webmaster"
        ],
        "content_type": [
            "ulsosite",
            "concertowinner"
        ],
        "object_id": "3",
        "object_repr": "Angharad Thomas",
        "action_flag": 2,
        "change_message": "[{\"changed\": {\"fields\": [\"piece\"]}}]"
    }
},
{
    "model": "admin.logentry",
    "pk": 91,
    "fields": {
        "action_time": "2018-07-30T22:07:42.937Z",
        "user": [
            "webmaster"
        ],
        "content_type": [
            "ulsosite",
            "concertowinner"
        ],
        "object_id": "3",
        "object_repr": "Angharad Thomas",
        "action_flag": 2,
        "change_message": "[{\"changed\": {\"fields\": [\"season\"]}}]"
    }
},
{
    "model": "admin.logentry",
    "pk": 92,
    "fields": {
        "action_time": "2018-07-30T22:07:48.358Z",
        "user": [
            "webmaster"
        ],
        "content_type": [
            "ulsosite",
            "concertowinner"
        ],
        "object_id": "1",
        "object_repr": "Alex McFarlane",
        "action_flag": 2,
        "change_message": "[{\"changed\": {\"fields\": [\"season\"]}}]"
    }
},
{
    "model": "admin.logentry",
    "pk": 93,
    "fields": {
        "action_time": "2018-07-30T22:07:56.301Z",
        "user": [
            "webmaster"
        ],
        "content_type": [
            "ulsosite",
            "concertowinner"
        ],
        "object_id": "3",
        "object_repr": "Angharad Thomas",
        "action_flag": 2,
        "change_message": "[{\"changed\": {\"fields\": [\"season\"]}}]"
    }
},
{
    "model": "admin.logentry",
    "pk": 94,
    "fields": {
        "action_time": "2018-08-01T19:35:45.790Z",
        "user": [
            "webmaster"
        ],
        "content_type": [
            "ulsosite",
            "committeemember"
        ],
        "object_id": "3",
        "object_repr": "Amy Edwards",
        "action_flag": 3,
        "change_message": ""
    }
},
{
    "model": "admin.logentry",
    "pk": 95,
    "fields": {
        "action_time": "2018-08-01T19:35:45.796Z",
        "user": [
            "webmaster"
        ],
        "content_type": [
            "ulsosite",
            "committeemember"
        ],
        "object_id": "4",
        "object_repr": "Wenye Zhao",
        "action_flag": 3,
        "change_message": ""
    }
},
{
    "model": "admin.logentry",
    "pk": 96,
    "fields": {
        "action_time": "2018-08-01T19:37:06.500Z",
        "user": [
            "webmaster"
        ],
        "content_type": [
            "ulsosite",
            "committeemember"
        ],
        "object_id": "5",
        "object_repr": "Amy Edwards",
        "action_flag": 3,
        "change_message": ""
    }
},
{
    "model": "admin.logentry",
    "pk": 97,
    "fields": {
        "action_time": "2018-08-01T19:37:06.504Z",
        "user": [
            "webmaster"
        ],
        "content_type": [
            "ulsosite",
            "committeemember"
        ],
        "object_id": "6",
        "object_repr": "Wenye Zhao",
        "action_flag": 3,
        "change_message": ""
    }
},
{
    "model": "admin.logentry",
    "pk": 98,
    "fields": {
        "action_time": "2018-08-01T19:38:00.532Z",
        "user": [
            "webmaster"
        ],
        "content_type": [
            "ulsosite",
            "committeemember"
        ],
        "object_id": "7",
        "object_repr": "Amy Edwards",
        "action_flag": 3,
        "change_message": ""
    }
},
{
    "model": "admin.logentry",
    "pk": 99,
    "fields": {
        "action_time": "2018-08-01T19:38:00.535Z",
        "user": [
            "webmaster"
        ],
        "content_type": [
            "ulsosite",
            "committeemember"
        ],
        "object_id": "8",
        "object_repr": "Wenye Zhao",
        "action_flag": 3,
        "change_message": ""
    }
},
{
    "model": "admin.logentry",
    "pk": 100,
    "fields": {
        "action_time": "2018-08-01T19:39:35.209Z",
        "user": [
            "webmaster"
        ],
        "content_type": [
            "ulsosite",
            "committeemember"
        ],
        "object_id": "10",
        "object_repr": "Wenye Zhao",
        "action_flag": 3,
        "change_message": ""
    }
},
{
    "model": "admin.logentry",
    "pk": 101,
    "fields": {
        "action_time": "2018-08-01T19:39:35.214Z",
        "user": [
            "webmaster"
        ],
        "content_type": [
            "ulsosite",
            "committeemember"
        ],
        "object_id": "9",
        "object_repr": "Amy Edwards",
        "action_flag": 3,
        "change_message": ""
    }
},
{
    "model": "admin.logentry",
    "pk": 102,
    "fields": {
        "action_time": "2018-08-01T19:42:29.942Z",
        "user": [
            "webmaster"
        ],
        "content_type": [
            "ulsosite",
            "committeemember"
        ],
        "object_id": "12",
        "object_repr": "Wenye Zhao",
        "action_flag": 2,
        "change_message": "[{\"changed\": {\"fields\": [\"first_name\"]}}]"
    }
},
{
    "model": "admin.logentry",
    "pk": 103,
    "fields": {
        "action_time": "2018-08-02T09:43:17.928Z",
        "user": [
            "webmaster"
        ],
        "content_type": [
            "ulsosite",
            "auditiondate"
        ],
        "object_id": "1",
        "object_repr": "Sun 18 Aug 19",
        "action_flag": 3,
        "change_message": ""
    }
},
{
    "model": "admin.logentry",
    "pk": 104,
    "fields": {
        "action_time": "2018-08-02T09:50:54.190Z",
        "user": [
            "webmaster"
        ],
        "content_type": [
            "ulsosite",
            "auditionslot"
        ],
        "object_id": "1",
        "object_repr": "10:15",
        "action_flag": 3,
        "change_message": ""
    }
},
{
    "model": "admin.logentry",
    "pk": 105,
    "fields": {
        "action_time": "2018-08-02T09:51:06.519Z",
        "user": [
            "webmaster"
        ],
        "content_type": [
            "ulsosite",
            "auditiondate"
        ],
        "object_id": "7",
        "object_repr": "Sun 18 Aug 19",
        "action_flag": 3,
        "change_message": ""
    }
},
{
    "model": "admin.logentry",
    "pk": 106,
    "fields": {
        "action_time": "2018-08-02T09:51:06.523Z",
        "user": [
            "webmaster"
        ],
        "content_type": [
            "ulsosite",
            "auditiondate"
        ],
        "object_id": "6",
        "object_repr": "Sun 18 Aug 19",
        "action_flag": 3,
        "change_message": ""
    }
},
{
    "model": "admin.logentry",
    "pk": 107,
    "fields": {
        "action_time": "2018-08-02T09:51:06.526Z",
        "user": [
            "webmaster"
        ],
        "content_type": [
            "ulsosite",
            "auditiondate"
        ],
        "object_id": "5",
        "object_repr": "Sun 18 Aug 19",
        "action_flag": 3,
        "change_message": ""
    }
},
{
    "model": "admin.logentry",
    "pk": 108,
    "fields": {
        "action_time": "2018-08-02T09:51:06.529Z",
        "user": [
            "webmaster"
        ],
        "content_type": [
            "ulsosite",
            "auditiondate"
        ],
        "object_id": "4",
        "object_repr": "Sun 18 Aug 19",
        "action_flag": 3,
        "change_message": ""
    }
},
{
    "model": "admin.logentry",
    "pk": 109,
    "fields": {
        "action_time": "2018-08-02T09:51:06.532Z",
        "user": [
            "webmaster"
        ],
        "content_type": [
            "ulsosite",
            "auditiondate"
        ],
        "object_id": "3",
        "object_repr": "Sun 18 Aug 19",
        "action_flag": 3,
        "change_message": ""
    }
},
{
    "model": "admin.logentry",
    "pk": 110,
    "fields": {
        "action_time": "2018-08-02T09:51:06.536Z",
        "user": [
            "webmaster"
        ],
        "content_type": [
            "ulsosite",
            "auditiondate"
        ],
        "object_id": "2",
        "object_repr": "Sun 18 Aug 19",
        "action_flag": 3,
        "change_message": ""
    }
},
{
    "model": "admin.logentry",
    "pk": 111,
    "fields": {
        "action_time": "2018-08-02T10:03:01.883Z",
        "user": [
            "webmaster"
        ],
        "content_type": [
            "ulsosite",
            "auditionslot"
        ],
        "object_id": "57",
        "object_repr": "16:45",
        "action_flag": 3,
        "change_message": ""
    }
},
{
    "model": "admin.logentry",
    "pk": 112,
    "fields": {
        "action_time": "2018-08-02T10:03:01.898Z",
        "user": [
            "webmaster"
        ],
        "content_type": [
            "ulsosite",
            "auditionslot"
        ],
        "object_id": "56",
        "object_repr": "16:30",
        "action_flag": 3,
        "change_message": ""
    }
},
{
    "model": "admin.logentry",
    "pk": 113,
    "fields": {
        "action_time": "2018-08-02T10:03:01.901Z",
        "user": [
            "webmaster"
        ],
        "content_type": [
            "ulsosite",
            "auditionslot"
        ],
        "object_id": "55",
        "object_repr": "16:15",
        "action_flag": 3,
        "change_message": ""
    }
},
{
    "model": "admin.logentry",
    "pk": 114,
    "fields": {
        "action_time": "2018-08-02T10:03:01.904Z",
        "user": [
            "webmaster"
        ],
        "content_type": [
            "ulsosite",
            "auditionslot"
        ],
        "object_id": "54",
        "object_repr": "16:00",
        "action_flag": 3,
        "change_message": ""
    }
},
{
    "model": "admin.logentry",
    "pk": 115,
    "fields": {
        "action_time": "2018-08-02T10:03:01.907Z",
        "user": [
            "webmaster"
        ],
        "content_type": [
            "ulsosite",
            "auditionslot"
        ],
        "object_id": "53",
        "object_repr": "15:45",
        "action_flag": 3,
        "change_message": ""
    }
},
{
    "model": "admin.logentry",
    "pk": 116,
    "fields": {
        "action_time": "2018-08-02T10:03:01.910Z",
        "user": [
            "webmaster"
        ],
        "content_type": [
            "ulsosite",
            "auditionslot"
        ],
        "object_id": "52",
        "object_repr": "15:30",
        "action_flag": 3,
        "change_message": ""
    }
},
{
    "model": "admin.logentry",
    "pk": 117,
    "fields": {
        "action_time": "2018-08-02T10:03:01.912Z",
        "user": [
            "webmaster"
        ],
        "content_type": [
            "ulsosite",
            "auditionslot"
        ],
        "object_id": "51",
        "object_repr": "15:15",
        "action_flag": 3,
        "change_message": ""
    }
},
{
    "model": "admin.logentry",
    "pk": 118,
    "fields": {
        "action_time": "2018-08-02T10:03:01.915Z",
        "user": [
            "webmaster"
        ],
        "content_type": [
            "ulsosite",
            "auditionslot"
        ],
        "object_id": "50",
        "object_repr": "15:00",
        "action_flag": 3,
        "change_message": ""
    }
},
{
    "model": "admin.logentry",
    "pk": 119,
    "fields": {
        "action_time": "2018-08-02T10:03:01.917Z",
        "user": [
            "webmaster"
        ],
        "content_type": [
            "ulsosite",
            "auditionslot"
        ],
        "object_id": "49",
        "object_repr": "14:45",
        "action_flag": 3,
        "change_message": ""
    }
},
{
    "model": "admin.logentry",
    "pk": 120,
    "fields": {
        "action_time": "2018-08-02T10:03:01.919Z",
        "user": [
            "webmaster"
        ],
        "content_type": [
            "ulsosite",
            "auditionslot"
        ],
        "object_id": "48",
        "object_repr": "14:30",
        "action_flag": 3,
        "change_message": ""
    }
},
{
    "model": "admin.logentry",
    "pk": 121,
    "fields": {
        "action_time": "2018-08-02T10:03:01.921Z",
        "user": [
            "webmaster"
        ],
        "content_type": [
            "ulsosite",
            "auditionslot"
        ],
        "object_id": "47",
        "object_repr": "14:15",
        "action_flag": 3,
        "change_message": ""
    }
},
{
    "model": "admin.logentry",
    "pk": 122,
    "fields": {
        "action_time": "2018-08-02T10:03:01.923Z",
        "user": [
            "webmaster"
        ],
        "content_type": [
            "ulsosite",
            "auditionslot"
        ],
        "object_id": "46",
        "object_repr": "14:00",
        "action_flag": 3,
        "change_message": ""
    }
},
{
    "model": "admin.logentry",
    "pk": 123,
    "fields": {
        "action_time": "2018-08-02T10:03:01.925Z",
        "user": [
            "webmaster"
        ],
        "content_type": [
            "ulsosite",
            "auditionslot"
        ],
        "object_id": "45",
        "object_repr": "13:45",
        "action_flag": 3,
        "change_message": ""
    }
},
{
    "model": "admin.logentry",
    "pk": 124,
    "fields": {
        "action_time": "2018-08-02T10:03:01.927Z",
        "user": [
            "webmaster"
        ],
        "content_type": [
            "ulsosite",
            "auditionslot"
        ],
        "object_id": "44",
        "object_repr": "13:30",
        "action_flag": 3,
        "change_message": ""
    }
},
{
    "model": "admin.logentry",
    "pk": 125,
    "fields": {
        "action_time": "2018-08-02T10:03:01.929Z",
        "user": [
            "webmaster"
        ],
        "content_type": [
            "ulsosite",
            "auditionslot"
        ],
        "object_id": "43",
        "object_repr": "13:15",
        "action_flag": 3,
        "change_message": ""
    }
},
{
    "model": "admin.logentry",
    "pk": 126,
    "fields": {
        "action_time": "2018-08-02T10:03:01.931Z",
        "user": [
            "webmaster"
        ],
        "content_type": [
            "ulsosite",
            "auditionslot"
        ],
        "object_id": "42",
        "object_repr": "13:00",
        "action_flag": 3,
        "change_message": ""
    }
},
{
    "model": "admin.logentry",
    "pk": 127,
    "fields": {
        "action_time": "2018-08-02T10:03:01.933Z",
        "user": [
            "webmaster"
        ],
        "content_type": [
            "ulsosite",
            "auditionslot"
        ],
        "object_id": "41",
        "object_repr": "12:45",
        "action_flag": 3,
        "change_message": ""
    }
},
{
    "model": "admin.logentry",
    "pk": 128,
    "fields": {
        "action_time": "2018-08-02T10:03:01.935Z",
        "user": [
            "webmaster"
        ],
        "content_type": [
            "ulsosite",
            "auditionslot"
        ],
        "object_id": "40",
        "object_repr": "12:30",
        "action_flag": 3,
        "change_message": ""
    }
},
{
    "model": "admin.logentry",
    "pk": 129,
    "fields": {
        "action_time": "2018-08-02T10:03:01.937Z",
        "user": [
            "webmaster"
        ],
        "content_type": [
            "ulsosite",
            "auditionslot"
        ],
        "object_id": "39",
        "object_repr": "12:15",
        "action_flag": 3,
        "change_message": ""
    }
},
{
    "model": "admin.logentry",
    "pk": 130,
    "fields": {
        "action_time": "2018-08-02T10:03:01.939Z",
        "user": [
            "webmaster"
        ],
        "content_type": [
            "ulsosite",
            "auditionslot"
        ],
        "object_id": "38",
        "object_repr": "12:00",
        "action_flag": 3,
        "change_message": ""
    }
},
{
    "model": "admin.logentry",
    "pk": 131,
    "fields": {
        "action_time": "2018-08-02T10:03:01.941Z",
        "user": [
            "webmaster"
        ],
        "content_type": [
            "ulsosite",
            "auditionslot"
        ],
        "object_id": "37",
        "object_repr": "11:45",
        "action_flag": 3,
        "change_message": ""
    }
},
{
    "model": "admin.logentry",
    "pk": 132,
    "fields": {
        "action_time": "2018-08-02T10:03:01.943Z",
        "user": [
            "webmaster"
        ],
        "content_type": [
            "ulsosite",
            "auditionslot"
        ],
        "object_id": "36",
        "object_repr": "11:30",
        "action_flag": 3,
        "change_message": ""
    }
},
{
    "model": "admin.logentry",
    "pk": 133,
    "fields": {
        "action_time": "2018-08-02T10:03:01.945Z",
        "user": [
            "webmaster"
        ],
        "content_type": [
            "ulsosite",
            "auditionslot"
        ],
        "object_id": "35",
        "object_repr": "11:15",
        "action_flag": 3,
        "change_message": ""
    }
},
{
    "model": "admin.logentry",
    "pk": 134,
    "fields": {
        "action_time": "2018-08-02T10:03:01.947Z",
        "user": [
            "webmaster"
        ],
        "content_type": [
            "ulsosite",
            "auditionslot"
        ],
        "object_id": "34",
        "object_repr": "11:00",
        "action_flag": 3,
        "change_message": ""
    }
},
{
    "model": "admin.logentry",
    "pk": 135,
    "fields": {
        "action_time": "2018-08-02T10:03:01.949Z",
        "user": [
            "webmaster"
        ],
        "content_type": [
            "ulsosite",
            "auditionslot"
        ],
        "object_id": "33",
        "object_repr": "10:45",
        "action_flag": 3,
        "change_message": ""
    }
},
{
    "model": "admin.logentry",
    "pk": 136,
    "fields": {
        "action_time": "2018-08-02T10:03:01.951Z",
        "user": [
            "webmaster"
        ],
        "content_type": [
            "ulsosite",
            "auditionslot"
        ],
        "object_id": "32",
        "object_repr": "10:30",
        "action_flag": 3,
        "change_message": ""
    }
},
{
    "model": "admin.logentry",
    "pk": 137,
    "fields": {
        "action_time": "2018-08-02T10:03:01.953Z",
        "user": [
            "webmaster"
        ],
        "content_type": [
            "ulsosite",
            "auditionslot"
        ],
        "object_id": "31",
        "object_repr": "10:15",
        "action_flag": 3,
        "change_message": ""
    }
},
{
    "model": "admin.logentry",
    "pk": 138,
    "fields": {
        "action_time": "2018-08-02T10:03:01.955Z",
        "user": [
            "webmaster"
        ],
        "content_type": [
            "ulsosite",
            "auditionslot"
        ],
        "object_id": "30",
        "object_repr": "10:00",
        "action_flag": 3,
        "change_message": ""
    }
},
{
    "model": "admin.logentry",
    "pk": 139,
    "fields": {
        "action_time": "2018-08-02T10:03:01.957Z",
        "user": [
            "webmaster"
        ],
        "content_type": [
            "ulsosite",
            "auditionslot"
        ],
        "object_id": "29",
        "object_repr": "16:45",
        "action_flag": 3,
        "change_message": ""
    }
},
{
    "model": "admin.logentry",
    "pk": 140,
    "fields": {
        "action_time": "2018-08-02T10:03:01.959Z",
        "user": [
            "webmaster"
        ],
        "content_type": [
            "ulsosite",
            "auditionslot"
        ],
        "object_id": "28",
        "object_repr": "16:30",
        "action_flag": 3,
        "change_message": ""
    }
},
{
    "model": "admin.logentry",
    "pk": 141,
    "fields": {
        "action_time": "2018-08-02T10:03:01.961Z",
        "user": [
            "webmaster"
        ],
        "content_type": [
            "ulsosite",
            "auditionslot"
        ],
        "object_id": "27",
        "object_repr": "16:15",
        "action_flag": 3,
        "change_message": ""
    }
},
{
    "model": "admin.logentry",
    "pk": 142,
    "fields": {
        "action_time": "2018-08-02T10:03:01.963Z",
        "user": [
            "webmaster"
        ],
        "content_type": [
            "ulsosite",
            "auditionslot"
        ],
        "object_id": "26",
        "object_repr": "16:00",
        "action_flag": 3,
        "change_message": ""
    }
},
{
    "model": "admin.logentry",
    "pk": 143,
    "fields": {
        "action_time": "2018-08-02T10:03:01.965Z",
        "user": [
            "webmaster"
        ],
        "content_type": [
            "ulsosite",
            "auditionslot"
        ],
        "object_id": "25",
        "object_repr": "15:45",
        "action_flag": 3,
        "change_message": ""
    }
},
{
    "model": "admin.logentry",
    "pk": 144,
    "fields": {
        "action_time": "2018-08-02T10:03:01.967Z",
        "user": [
            "webmaster"
        ],
        "content_type": [
            "ulsosite",
            "auditionslot"
        ],
        "object_id": "24",
        "object_repr": "15:30",
        "action_flag": 3,
        "change_message": ""
    }
},
{
    "model": "admin.logentry",
    "pk": 145,
    "fields": {
        "action_time": "2018-08-02T10:03:01.969Z",
        "user": [
            "webmaster"
        ],
        "content_type": [
            "ulsosite",
            "auditionslot"
        ],
        "object_id": "23",
        "object_repr": "15:15",
        "action_flag": 3,
        "change_message": ""
    }
},
{
    "model": "admin.logentry",
    "pk": 146,
    "fields": {
        "action_time": "2018-08-02T10:03:01.971Z",
        "user": [
            "webmaster"
        ],
        "content_type": [
            "ulsosite",
            "auditionslot"
        ],
        "object_id": "22",
        "object_repr": "15:00",
        "action_flag": 3,
        "change_message": ""
    }
},
{
    "model": "admin.logentry",
    "pk": 147,
    "fields": {
        "action_time": "2018-08-02T10:03:01.973Z",
        "user": [
            "webmaster"
        ],
        "content_type": [
            "ulsosite",
            "auditionslot"
        ],
        "object_id": "21",
        "object_repr": "14:45",
        "action_flag": 3,
        "change_message": ""
    }
},
{
    "model": "admin.logentry",
    "pk": 148,
    "fields": {
        "action_time": "2018-08-02T10:03:01.975Z",
        "user": [
            "webmaster"
        ],
        "content_type": [
            "ulsosite",
            "auditionslot"
        ],
        "object_id": "20",
        "object_repr": "14:30",
        "action_flag": 3,
        "change_message": ""
    }
},
{
    "model": "admin.logentry",
    "pk": 149,
    "fields": {
        "action_time": "2018-08-02T10:03:01.977Z",
        "user": [
            "webmaster"
        ],
        "content_type": [
            "ulsosite",
            "auditionslot"
        ],
        "object_id": "19",
        "object_repr": "14:15",
        "action_flag": 3,
        "change_message": ""
    }
},
{
    "model": "admin.logentry",
    "pk": 150,
    "fields": {
        "action_time": "2018-08-02T10:03:01.979Z",
        "user": [
            "webmaster"
        ],
        "content_type": [
            "ulsosite",
            "auditionslot"
        ],
        "object_id": "18",
        "object_repr": "14:00",
        "action_flag": 3,
        "change_message": ""
    }
},
{
    "model": "admin.logentry",
    "pk": 151,
    "fields": {
        "action_time": "2018-08-02T10:03:01.981Z",
        "user": [
            "webmaster"
        ],
        "content_type": [
            "ulsosite",
            "auditionslot"
        ],
        "object_id": "17",
        "object_repr": "13:45",
        "action_flag": 3,
        "change_message": ""
    }
},
{
    "model": "admin.logentry",
    "pk": 152,
    "fields": {
        "action_time": "2018-08-02T10:03:01.983Z",
        "user": [
            "webmaster"
        ],
        "content_type": [
            "ulsosite",
            "auditionslot"
        ],
        "object_id": "16",
        "object_repr": "13:30",
        "action_flag": 3,
        "change_message": ""
    }
},
{
    "model": "admin.logentry",
    "pk": 153,
    "fields": {
        "action_time": "2018-08-02T10:03:01.985Z",
        "user": [
            "webmaster"
        ],
        "content_type": [
            "ulsosite",
            "auditionslot"
        ],
        "object_id": "15",
        "object_repr": "13:15",
        "action_flag": 3,
        "change_message": ""
    }
},
{
    "model": "admin.logentry",
    "pk": 154,
    "fields": {
        "action_time": "2018-08-02T10:03:01.987Z",
        "user": [
            "webmaster"
        ],
        "content_type": [
            "ulsosite",
            "auditionslot"
        ],
        "object_id": "14",
        "object_repr": "13:00",
        "action_flag": 3,
        "change_message": ""
    }
},
{
    "model": "admin.logentry",
    "pk": 155,
    "fields": {
        "action_time": "2018-08-02T10:03:01.989Z",
        "user": [
            "webmaster"
        ],
        "content_type": [
            "ulsosite",
            "auditionslot"
        ],
        "object_id": "13",
        "object_repr": "12:45",
        "action_flag": 3,
        "change_message": ""
    }
},
{
    "model": "admin.logentry",
    "pk": 156,
    "fields": {
        "action_time": "2018-08-02T10:03:01.991Z",
        "user": [
            "webmaster"
        ],
        "content_type": [
            "ulsosite",
            "auditionslot"
        ],
        "object_id": "12",
        "object_repr": "12:30",
        "action_flag": 3,
        "change_message": ""
    }
},
{
    "model": "admin.logentry",
    "pk": 157,
    "fields": {
        "action_time": "2018-08-02T10:03:01.993Z",
        "user": [
            "webmaster"
        ],
        "content_type": [
            "ulsosite",
            "auditionslot"
        ],
        "object_id": "11",
        "object_repr": "12:15",
        "action_flag": 3,
        "change_message": ""
    }
},
{
    "model": "admin.logentry",
    "pk": 158,
    "fields": {
        "action_time": "2018-08-02T10:03:01.995Z",
        "user": [
            "webmaster"
        ],
        "content_type": [
            "ulsosite",
            "auditionslot"
        ],
        "object_id": "10",
        "object_repr": "12:00",
        "action_flag": 3,
        "change_message": ""
    }
},
{
    "model": "admin.logentry",
    "pk": 159,
    "fields": {
        "action_time": "2018-08-02T10:03:01.997Z",
        "user": [
            "webmaster"
        ],
        "content_type": [
            "ulsosite",
            "auditionslot"
        ],
        "object_id": "9",
        "object_repr": "11:45",
        "action_flag": 3,
        "change_message": ""
    }
},
{
    "model": "admin.logentry",
    "pk": 160,
    "fields": {
        "action_time": "2018-08-02T10:03:02.000Z",
        "user": [
            "webmaster"
        ],
        "content_type": [
            "ulsosite",
            "auditionslot"
        ],
        "object_id": "8",
        "object_repr": "11:30",
        "action_flag": 3,
        "change_message": ""
    }
},
{
    "model": "admin.logentry",
    "pk": 161,
    "fields": {
        "action_time": "2018-08-02T10:03:02.002Z",
        "user": [
            "webmaster"
        ],
        "content_type": [
            "ulsosite",
            "auditionslot"
        ],
        "object_id": "7",
        "object_repr": "11:15",
        "action_flag": 3,
        "change_message": ""
    }
},
{
    "model": "admin.logentry",
    "pk": 162,
    "fields": {
        "action_time": "2018-08-02T10:03:02.004Z",
        "user": [
            "webmaster"
        ],
        "content_type": [
            "ulsosite",
            "auditionslot"
        ],
        "object_id": "6",
        "object_repr": "11:00",
        "action_flag": 3,
        "change_message": ""
    }
},
{
    "model": "admin.logentry",
    "pk": 163,
    "fields": {
        "action_time": "2018-08-02T10:03:02.006Z",
        "user": [
            "webmaster"
        ],
        "content_type": [
            "ulsosite",
            "auditionslot"
        ],
        "object_id": "5",
        "object_repr": "10:45",
        "action_flag": 3,
        "change_message": ""
    }
},
{
    "model": "admin.logentry",
    "pk": 164,
    "fields": {
        "action_time": "2018-08-02T10:03:02.008Z",
        "user": [
            "webmaster"
        ],
        "content_type": [
            "ulsosite",
            "auditionslot"
        ],
        "object_id": "4",
        "object_repr": "10:30",
        "action_flag": 3,
        "change_message": ""
    }
},
{
    "model": "admin.logentry",
    "pk": 165,
    "fields": {
        "action_time": "2018-08-02T10:03:02.010Z",
        "user": [
            "webmaster"
        ],
        "content_type": [
            "ulsosite",
            "auditionslot"
        ],
        "object_id": "3",
        "object_repr": "10:15",
        "action_flag": 3,
        "change_message": ""
    }
},
{
    "model": "admin.logentry",
    "pk": 166,
    "fields": {
        "action_time": "2018-08-02T10:03:02.011Z",
        "user": [
            "webmaster"
        ],
        "content_type": [
            "ulsosite",
            "auditionslot"
        ],
        "object_id": "2",
        "object_repr": "10:00",
        "action_flag": 3,
        "change_message": ""
    }
},
{
    "model": "admin.logentry",
    "pk": 167,
    "fields": {
        "action_time": "2018-08-02T11:03:36.176Z",
        "user": [
            "webmaster"
        ],
        "content_type": [
            "ulsosite",
            "musician"
        ],
        "object_id": "1",
        "object_repr": "Wenye Zhao",
        "action_flag": 2,
        "change_message": "[]"
    }
},
{
    "model": "admin.logentry",
    "pk": 168,
    "fields": {
        "action_time": "2018-08-02T11:03:45.565Z",
        "user": [
            "webmaster"
        ],
        "content_type": [
            "ulsosite",
            "musician"
        ],
        "object_id": "1",
        "object_repr": "Wenye Zhao",
        "action_flag": 2,
        "change_message": "[{\"changed\": {\"fields\": [\"uni\"]}}]"
    }
},
{
    "model": "admin.logentry",
    "pk": 169,
    "fields": {
        "action_time": "2018-08-02T11:03:51.368Z",
        "user": [
            "webmaster"
        ],
        "content_type": [
            "ulsosite",
            "musician"
        ],
        "object_id": "1",
        "object_repr": "Wenye Zhao",
        "action_flag": 2,
        "change_message": "[]"
    }
},
{
    "model": "admin.logentry",
    "pk": 170,
    "fields": {
        "action_time": "2018-08-02T11:04:57.375Z",
        "user": [
            "webmaster"
        ],
        "content_type": [
            "ulsosite",
            "musician"
        ],
        "object_id": "1",
        "object_repr": "Wenye Zhao",
        "action_flag": 2,
        "change_message": "[]"
    }
},
{
    "model": "admin.logentry",
    "pk": 171,
    "fields": {
        "action_time": "2018-08-02T11:47:30.838Z",
        "user": [
            "webmaster"
        ],
        "content_type": [
            "ulsosite",
            "committeemember"
        ],
        "object_id": "13",
        "object_repr": "Amy Edwards",
        "action_flag": 3,
        "change_message": ""
    }
},
{
    "model": "admin.logentry",
    "pk": 172,
    "fields": {
        "action_time": "2018-08-02T11:47:30.842Z",
        "user": [
            "webmaster"
        ],
        "content_type": [
            "ulsosite",
            "committeemember"
        ],
        "object_id": "11",
        "object_repr": "Amy Edwards",
        "action_flag": 3,
        "change_message": ""
    }
},
{
    "model": "admin.logentry",
    "pk": 173,
    "fields": {
        "action_time": "2018-08-02T11:51:43.599Z",
        "user": [
            "webmaster"
        ],
        "content_type": [
            "ulsosite",
            "committeemember"
        ],
        "object_id": "12",
        "object_repr": "Wenye Zhao",
        "action_flag": 3,
        "change_message": ""
    }
},
{
    "model": "admin.logentry",
    "pk": 174,
    "fields": {
        "action_time": "2018-08-02T11:51:53.865Z",
        "user": [
            "webmaster"
        ],
        "content_type": [
            "ulsosite",
            "committeemember"
        ],
        "object_id": "1",
        "object_repr": "Chris Green",
        "action_flag": 2,
        "change_message": "[]"
    }
},
{
    "model": "admin.logentry",
    "pk": 175,
    "fields": {
        "action_time": "2018-08-02T12:03:15.153Z",
        "user": [
            "webmaster"
        ],
        "content_type": [
            "ulsosite",
            "committeemember"
        ],
        "object_id": "1",
        "object_repr": "Chris Green",
        "action_flag": 2,
        "change_message": "[{\"changed\": {\"fields\": [\"season\"]}}]"
    }
},
{
    "model": "admin.logentry",
    "pk": 176,
    "fields": {
        "action_time": "2018-08-02T12:08:52.685Z",
        "user": [
            "webmaster"
        ],
        "content_type": [
            "website",
            "page"
        ],
        "object_id": "10",
        "object_repr": "Committee 2018/19",
        "action_flag": 2,
        "change_message": "[{\"changed\": {\"fields\": [\"title\", \"body\"]}}]"
    }
},
{
    "model": "admin.logentry",
    "pk": 177,
    "fields": {
        "action_time": "2018-08-02T12:09:36.797Z",
        "user": [
            "webmaster"
        ],
        "content_type": [
            "website",
            "page"
        ],
        "object_id": "10",
        "object_repr": "Committee",
        "action_flag": 2,
        "change_message": "[{\"changed\": {\"fields\": [\"title\"]}}]"
    }
},
{
    "model": "admin.logentry",
    "pk": 178,
    "fields": {
        "action_time": "2018-08-02T13:38:17.198Z",
        "user": [
            "webmaster"
        ],
        "content_type": [
            "ulsosite",
            "committeemember"
        ],
        "object_id": "14",
        "object_repr": "Wenye Zhao",
        "action_flag": 3,
        "change_message": ""
    }
},
{
    "model": "admin.logentry",
    "pk": 179,
    "fields": {
        "action_time": "2018-08-02T13:40:37.896Z",
        "user": [
            "webmaster"
        ],
        "content_type": [
            "ulsosite",
            "committeemember"
        ],
        "object_id": "17",
        "object_repr": "Jonathan Rawlinson",
        "action_flag": 3,
        "change_message": ""
    }
},
{
    "model": "admin.logentry",
    "pk": 180,
    "fields": {
        "action_time": "2018-08-02T13:40:37.899Z",
        "user": [
            "webmaster"
        ],
        "content_type": [
            "ulsosite",
            "committeemember"
        ],
        "object_id": "18",
        "object_repr": "Ada Shoelace",
        "action_flag": 3,
        "change_message": ""
    }
},
{
    "model": "admin.logentry",
    "pk": 181,
    "fields": {
        "action_time": "2018-08-02T13:40:37.901Z",
        "user": [
            "webmaster"
        ],
        "content_type": [
            "ulsosite",
            "committeemember"
        ],
        "object_id": "15",
        "object_repr": "Amy Edwards",
        "action_flag": 3,
        "change_message": ""
    }
},
{
    "model": "admin.logentry",
    "pk": 182,
    "fields": {
        "action_time": "2018-08-02T13:40:37.903Z",
        "user": [
            "webmaster"
        ],
        "content_type": [
            "ulsosite",
            "committeemember"
        ],
        "object_id": "16",
        "object_repr": "Wenye Zhao",
        "action_flag": 3,
        "change_message": ""
    }
},
{
    "model": "admin.logentry",
    "pk": 183,
    "fields": {
        "action_time": "2018-08-02T13:41:29.876Z",
        "user": [
            "webmaster"
        ],
        "content_type": [
            "ulsosite",
            "committeemember"
        ],
        "object_id": "21",
        "object_repr": "Jonathan Rawlinson",
        "action_flag": 3,
        "change_message": ""
    }
},
{
    "model": "admin.logentry",
    "pk": 184,
    "fields": {
        "action_time": "2018-08-02T13:41:29.891Z",
        "user": [
            "webmaster"
        ],
        "content_type": [
            "ulsosite",
            "committeemember"
        ],
        "object_id": "22",
        "object_repr": "Ada Shoelace",
        "action_flag": 3,
        "change_message": ""
    }
},
{
    "model": "admin.logentry",
    "pk": 185,
    "fields": {
        "action_time": "2018-08-02T13:41:29.894Z",
        "user": [
            "webmaster"
        ],
        "content_type": [
            "ulsosite",
            "committeemember"
        ],
        "object_id": "19",
        "object_repr": "Amy Edwards",
        "action_flag": 3,
        "change_message": ""
    }
},
{
    "model": "admin.logentry",
    "pk": 186,
    "fields": {
        "action_time": "2018-08-02T13:41:29.897Z",
        "user": [
            "webmaster"
        ],
        "content_type": [
            "ulsosite",
            "committeemember"
        ],
        "object_id": "20",
        "object_repr": "Wenye Zhao",
        "action_flag": 3,
        "change_message": ""
    }
},
{
    "model": "admin.logentry",
    "pk": 187,
    "fields": {
        "action_time": "2018-08-02T14:15:31.990Z",
        "user": [
            "webmaster"
        ],
        "content_type": [
            "ulsosite",
            "absence"
        ],
        "object_id": "2",
        "object_repr": "Absence object (2)",
        "action_flag": 1,
        "change_message": "[{\"added\": {}}]"
    }
},
{
    "model": "admin.logentry",
    "pk": 188,
    "fields": {
        "action_time": "2018-08-02T14:15:50.466Z",
        "user": [
            "webmaster"
        ],
        "content_type": [
            "ulsosite",
            "absence"
        ],
        "object_id": "2",
        "object_repr": "Absence object (2)",
        "action_flag": 3,
        "change_message": ""
    }
},
{
    "model": "admin.logentry",
    "pk": 189,
    "fields": {
        "action_time": "2018-08-02T14:16:38.865Z",
        "user": [
            "webmaster"
        ],
        "content_type": [
            "ulsosite",
            "absence"
        ],
        "object_id": "3",
        "object_repr": "Wenye Zhao",
        "action_flag": 1,
        "change_message": "[{\"added\": {}}]"
    }
},
{
    "model": "admin.logentry",
    "pk": 190,
    "fields": {
        "action_time": "2018-08-04T17:47:31.686Z",
        "user": [
            "webmaster"
        ],
        "content_type": [
            "ulsosite",
            "absence"
        ],
        "object_id": "3",
        "object_repr": "Wenye Zhao",
        "action_flag": 3,
        "change_message": ""
    }
},
{
    "model": "admin.logentry",
    "pk": 191,
    "fields": {
        "action_time": "2018-08-04T18:52:45.263Z",
        "user": [
            "webmaster"
        ],
        "content_type": [
            "ulsosite",
            "absence"
        ],
        "object_id": "4",
        "object_repr": "Wenye Zhao",
        "action_flag": 2,
        "change_message": "[]"
    }
},
{
    "model": "admin.logentry",
    "pk": 192,
    "fields": {
        "action_time": "2018-08-04T18:53:11.284Z",
        "user": [
            "webmaster"
        ],
        "content_type": [
            "ulsosite",
            "absence"
        ],
        "object_id": "4",
        "object_repr": "Wenye Zhao",
        "action_flag": 3,
        "change_message": ""
    }
},
{
    "model": "admin.logentry",
    "pk": 193,
    "fields": {
        "action_time": "2018-08-04T19:48:07.377Z",
        "user": [
            "webmaster"
        ],
        "content_type": [
            "ulsosite",
            "musician"
        ],
        "object_id": "3",
        "object_repr": "Amy Edwards",
        "action_flag": 3,
        "change_message": ""
    }
},
{
    "model": "admin.logentry",
    "pk": 194,
    "fields": {
        "action_time": "2018-08-04T19:48:19.645Z",
        "user": [
            "webmaster"
        ],
        "content_type": [
            "ulsosite",
            "musician"
        ],
        "object_id": "2",
        "object_repr": "Amy Edwards",
        "action_flag": 3,
        "change_message": ""
    }
},
{
    "model": "admin.logentry",
    "pk": 195,
    "fields": {
        "action_time": "2018-08-04T19:48:39.989Z",
        "user": [
            "webmaster"
        ],
        "content_type": [
            "ulsosite",
            "musician"
        ],
        "object_id": "4",
        "object_repr": "Amy Edwards",
        "action_flag": 2,
        "change_message": "[{\"changed\": {\"fields\": [\"subs_paid\"]}}]"
    }
},
{
    "model": "admin.logentry",
    "pk": 196,
    "fields": {
        "action_time": "2018-08-06T17:22:34.413Z",
        "user": [
            "webmaster"
        ],
        "content_type": [
            "website",
            "page"
        ],
        "object_id": "2",
        "object_repr": "Concerto Competition",
        "action_flag": 2,
        "change_message": "[{\"added\": {\"name\": \"accordion card\", \"object\": \"2017/18 Season\"}}, {\"added\": {\"name\": \"accordion card\", \"object\": \"Competition Structure\"}}]"
    }
},
{
    "model": "admin.logentry",
    "pk": 197,
    "fields": {
        "action_time": "2018-08-06T17:32:00.395Z",
        "user": [
            "webmaster"
        ],
        "content_type": [
            "ulsosite",
            "concertowinner"
        ],
        "object_id": "3",
        "object_repr": "Angharad Thomas",
        "action_flag": 2,
        "change_message": "[{\"changed\": {\"fields\": [\"photo\"]}}]"
    }
},
{
    "model": "admin.logentry",
    "pk": 198,
    "fields": {
        "action_time": "2018-08-06T17:34:34.809Z",
        "user": [
            "webmaster"
        ],
        "content_type": [
            "ulsosite",
            "concertowinner"
        ],
        "object_id": "3",
        "object_repr": "Angharad Thomas",
        "action_flag": 2,
        "change_message": "[{\"changed\": {\"fields\": [\"season\"]}}]"
    }
},
{
    "model": "admin.logentry",
    "pk": 199,
    "fields": {
        "action_time": "2018-08-06T17:54:02.245Z",
        "user": [
            "webmaster"
        ],
        "content_type": [
            "ulsosite",
            "concertowinner"
        ],
        "object_id": "4",
        "object_repr": "Silvija Scerbaviciute",
        "action_flag": 2,
        "change_message": "[{\"changed\": {\"fields\": [\"season\"]}}]"
    }
},
{
    "model": "admin.logentry",
    "pk": 200,
    "fields": {
        "action_time": "2018-08-06T17:55:45.083Z",
        "user": [
            "webmaster"
        ],
        "content_type": [
            "ulsosite",
            "concertowinner"
        ],
        "object_id": "1",
        "object_repr": "Alex McFarlane",
        "action_flag": 2,
        "change_message": "[{\"changed\": {\"fields\": [\"biography\", \"email\"]}}]"
    }
},
{
    "model": "admin.logentry",
    "pk": 201,
    "fields": {
        "action_time": "2018-08-06T17:56:44.186Z",
        "user": [
            "webmaster"
        ],
        "content_type": [
            "ulsosite",
            "concertowinner"
        ],
        "object_id": "1",
        "object_repr": "Alex McFarlane",
        "action_flag": 2,
        "change_message": "[{\"changed\": {\"fields\": [\"uni\"]}}]"
    }
},
{
    "model": "admin.logentry",
    "pk": 202,
    "fields": {
        "action_time": "2018-08-06T17:57:04.899Z",
        "user": [
            "webmaster"
        ],
        "content_type": [
            "ulsosite",
            "concertowinner"
        ],
        "object_id": "3",
        "object_repr": "Angharad Thomas",
        "action_flag": 2,
        "change_message": "[{\"changed\": {\"fields\": [\"uni\"]}}]"
    }
},
{
    "model": "admin.logentry",
    "pk": 203,
    "fields": {
        "action_time": "2018-08-06T17:57:37.136Z",
        "user": [
            "webmaster"
        ],
        "content_type": [
            "ulsosite",
            "concertowinner"
        ],
        "object_id": "3",
        "object_repr": "Angharad Thomas",
        "action_flag": 2,
        "change_message": "[{\"changed\": {\"fields\": [\"biography\"]}}]"
    }
},
{
    "model": "admin.logentry",
    "pk": 204,
    "fields": {
        "action_time": "2018-08-06T18:02:36.324Z",
        "user": [
            "webmaster"
        ],
        "content_type": [
            "website",
            "page"
        ],
        "object_id": "2",
        "object_repr": "Concerto Competition",
        "action_flag": 2,
        "change_message": "[{\"changed\": {\"name\": \"accordion card\", \"object\": \"2017/18 Season\", \"fields\": [\"body\"]}}]"
    }
},
{
    "model": "admin.logentry",
    "pk": 205,
    "fields": {
        "action_time": "2018-08-06T18:04:45.505Z",
        "user": [
            "webmaster"
        ],
        "content_type": [
            "website",
            "page"
        ],
        "object_id": "2",
        "object_repr": "Concerto Competition",
        "action_flag": 2,
        "change_message": "[{\"changed\": {\"name\": \"accordion card\", \"object\": \"Competition Structure\", \"fields\": [\"body\"]}}]"
    }
},
{
    "model": "admin.logentry",
    "pk": 206,
    "fields": {
        "action_time": "2018-08-11T22:39:22.820Z",
        "user": [
            "webmaster"
        ],
        "content_type": [
            "ulsosite",
            "concertowinner"
        ],
        "object_id": "4",
        "object_repr": "Silvija Scerbaviciute",
        "action_flag": 2,
        "change_message": "[{\"changed\": {\"fields\": [\"instrument\"]}}]"
    }
},
{
    "model": "admin.logentry",
    "pk": 207,
    "fields": {
        "action_time": "2018-08-11T22:45:30.923Z",
        "user": [
            "webmaster"
        ],
        "content_type": [
            "website",
            "page"
        ],
        "object_id": "8",
        "object_repr": "How to Join",
        "action_flag": 2,
        "change_message": "[{\"added\": {\"name\": \"image\", \"object\": \"Image object (3)\"}}]"
    }
},
{
    "model": "admin.logentry",
    "pk": 208,
    "fields": {
        "action_time": "2018-08-11T23:03:51.930Z",
        "user": [
            "webmaster"
        ],
        "content_type": [
            "website",
            "page"
        ],
        "object_id": "4",
        "object_repr": "About",
        "action_flag": 2,
        "change_message": "[{\"added\": {\"name\": \"image\", \"object\": \"Image object (4)\"}}]"
    }
},
{
    "model": "admin.logentry",
    "pk": 209,
    "fields": {
        "action_time": "2018-08-11T23:20:42.316Z",
        "user": [
            "webmaster"
        ],
        "content_type": [
            "website",
            "page"
        ],
        "object_id": "8",
        "object_repr": "How to Join",
        "action_flag": 2,
        "change_message": "[{\"changed\": {\"name\": \"section\", \"object\": \"9 Questions\", \"fields\": [\"body\"]}}]"
    }
},
{
    "model": "admin.logentry",
    "pk": 210,
    "fields": {
        "action_time": "2018-08-11T23:21:48.093Z",
        "user": [
            "webmaster"
        ],
        "content_type": [
            "website",
            "page"
        ],
        "object_id": "8",
        "object_repr": "How to Join",
        "action_flag": 2,
        "change_message": "[{\"changed\": {\"name\": \"section\", \"object\": \"9 Questions\", \"fields\": [\"body\"]}}]"
    }
},
{
    "model": "admin.logentry",
    "pk": 211,
    "fields": {
        "action_time": "2018-08-11T23:22:19.130Z",
        "user": [
            "webmaster"
        ],
        "content_type": [
            "website",
            "page"
        ],
        "object_id": "8",
        "object_repr": "How to Join",
        "action_flag": 2,
        "change_message": "[{\"changed\": {\"name\": \"section\", \"object\": \"9 Questions\", \"fields\": [\"body\"]}}]"
    }
},
{
    "model": "admin.logentry",
    "pk": 212,
    "fields": {
        "action_time": "2018-08-11T23:23:09.274Z",
        "user": [
            "webmaster"
        ],
        "content_type": [
            "website",
            "page"
        ],
        "object_id": "8",
        "object_repr": "How to Join",
        "action_flag": 2,
        "change_message": "[{\"changed\": {\"name\": \"section\", \"object\": \"9 Questions\", \"fields\": [\"body\"]}}]"
    }
},
{
    "model": "admin.logentry",
    "pk": 213,
    "fields": {
        "action_time": "2018-08-12T13:42:44.861Z",
        "user": [
            "webmaster"
        ],
        "content_type": [
            "website",
            "page"
        ],
        "object_id": "2",
        "object_repr": "Concerto Competition",
        "action_flag": 2,
        "change_message": "[{\"added\": {\"name\": \"image\", \"object\": \"Image object (5)\"}}]"
    }
},
{
    "model": "admin.logentry",
    "pk": 214,
    "fields": {
        "action_time": "2018-08-12T13:45:55.914Z",
        "user": [
            "webmaster"
        ],
        "content_type": [
            "website",
            "page"
        ],
        "object_id": "4",
        "object_repr": "About",
        "action_flag": 2,
        "change_message": "[{\"deleted\": {\"name\": \"accordion card\", \"object\": \"Committee\"}}]"
    }
},
{
    "model": "admin.logentry",
    "pk": 215,
    "fields": {
        "action_time": "2018-08-16T10:53:45.244Z",
        "user": [
            "webmaster"
        ],
        "content_type": [
            "ulsosite",
            "musician"
        ],
        "object_id": "5",
        "object_repr": "Wenye Zhao",
        "action_flag": 3,
        "change_message": ""
    }
},
{
    "model": "admin.logentry",
    "pk": 216,
    "fields": {
        "action_time": "2018-08-16T11:24:50.930Z",
        "user": [
            "webmaster"
        ],
        "content_type": [
            "ulsosite",
            "musician"
        ],
        "object_id": "7",
        "object_repr": "David Mitchell",
        "action_flag": 3,
        "change_message": ""
    }
},
{
    "model": "admin.logentry",
    "pk": 217,
    "fields": {
        "action_time": "2018-08-16T11:24:50.945Z",
        "user": [
            "webmaster"
        ],
        "content_type": [
            "ulsosite",
            "musician"
        ],
        "object_id": "8",
        "object_repr": "David Mitchell",
        "action_flag": 3,
        "change_message": ""
    }
},
{
    "model": "admin.logentry",
    "pk": 218,
    "fields": {
        "action_time": "2018-08-16T11:24:50.949Z",
        "user": [
            "webmaster"
        ],
        "content_type": [
            "ulsosite",
            "musician"
        ],
        "object_id": "9",
        "object_repr": "Mpo ewfewfe",
        "action_flag": 3,
        "change_message": ""
    }
},
{
    "model": "admin.logentry",
    "pk": 219,
    "fields": {
        "action_time": "2018-08-16T11:24:50.953Z",
        "user": [
            "webmaster"
        ],
        "content_type": [
            "ulsosite",
            "musician"
        ],
        "object_id": "10",
        "object_repr": "Mpo ewfewfe",
        "action_flag": 3,
        "change_message": ""
    }
},
{
    "model": "admin.logentry",
    "pk": 220,
    "fields": {
        "action_time": "2018-08-16T11:24:50.956Z",
        "user": [
            "webmaster"
        ],
        "content_type": [
            "ulsosite",
            "musician"
        ],
        "object_id": "11",
        "object_repr": "Mpo ewfewfe",
        "action_flag": 3,
        "change_message": ""
    }
},
{
    "model": "admin.logentry",
    "pk": 221,
    "fields": {
        "action_time": "2018-08-16T13:05:37.898Z",
        "user": [
            "webmaster"
        ],
        "content_type": [
            "ulsosite",
            "concert"
        ],
        "object_id": "4",
        "object_repr": "Winter Project - 2019-02-10 - Peter Stark",
        "action_flag": 2,
        "change_message": "[{\"added\": {\"name\": \"concert-musician relationship\", \"object\": \"Concert_players object (1)\"}}, {\"added\": {\"name\": \"concert-musician relationship\", \"object\": \"Concert_players object (2)\"}}]"
    }
},
{
    "model": "admin.logentry",
    "pk": 222,
    "fields": {
        "action_time": "2018-08-17T09:11:08.420Z",
        "user": [
            "webmaster"
        ],
        "content_type": [
            "ulsosite",
            "absence"
        ],
        "object_id": "10",
        "object_repr": "Wenye Zhao",
        "action_flag": 3,
        "change_message": ""
    }
},
{
    "model": "admin.logentry",
    "pk": 223,
    "fields": {
        "action_time": "2018-08-17T09:11:08.424Z",
        "user": [
            "webmaster"
        ],
        "content_type": [
            "ulsosite",
            "absence"
        ],
        "object_id": "9",
        "object_repr": "Wenye Zhao",
        "action_flag": 3,
        "change_message": ""
    }
},
{
    "model": "admin.logentry",
    "pk": 224,
    "fields": {
        "action_time": "2018-08-17T09:11:08.427Z",
        "user": [
            "webmaster"
        ],
        "content_type": [
            "ulsosite",
            "absence"
        ],
        "object_id": "8",
        "object_repr": "Wenye Zhao",
        "action_flag": 3,
        "change_message": ""
    }
},
{
    "model": "admin.logentry",
    "pk": 225,
    "fields": {
        "action_time": "2018-08-17T10:29:02.173Z",
        "user": [
            "webmaster"
        ],
        "content_type": [
            "ulsosite",
            "concertoapplicant"
        ],
        "object_id": "2",
        "object_repr": "Rudiger Persimmon",
        "action_flag": 2,
        "change_message": "[{\"changed\": {\"fields\": [\"second_round\"]}}]"
    }
},
{
    "model": "admin.logentry",
    "pk": 226,
    "fields": {
        "action_time": "2018-08-17T12:38:39.803Z",
        "user": [
            "webmaster"
        ],
        "content_type": [
            "status",
            "status"
        ],
        "object_id": "1",
        "object_repr": "Status object (1)",
        "action_flag": 1,
        "change_message": "[{\"added\": {}}]"
    }
},
{
    "model": "admin.logentry",
    "pk": 227,
    "fields": {
        "action_time": "2018-08-17T12:39:44.686Z",
        "user": [
            "webmaster"
        ],
        "content_type": [
            "status",
            "status"
        ],
        "object_id": "2",
        "object_repr": "2018/19",
        "action_flag": 1,
        "change_message": "[{\"added\": {}}]"
    }
},
{
    "model": "admin.logentry",
    "pk": 228,
    "fields": {
        "action_time": "2018-08-17T12:39:52.013Z",
        "user": [
            "webmaster"
        ],
        "content_type": [
            "status",
            "status"
        ],
        "object_id": "1",
        "object_repr": "2018/19",
        "action_flag": 3,
        "change_message": ""
    }
},
{
    "model": "admin.logentry",
    "pk": 229,
    "fields": {
        "action_time": "2018-08-17T12:56:56.796Z",
        "user": [
            "webmaster"
        ],
        "content_type": [
            "status",
            "status"
        ],
        "object_id": "2",
        "object_repr": "2018/19",
        "action_flag": 2,
        "change_message": "[]"
    }
},
{
    "model": "admin.logentry",
    "pk": 230,
    "fields": {
        "action_time": "2018-08-17T12:59:53.254Z",
        "user": [
            "webmaster"
        ],
        "content_type": [
            "status",
            "status"
        ],
        "object_id": "2",
        "object_repr": "2018/19",
        "action_flag": 2,
        "change_message": "[{\"changed\": {\"fields\": [\"auditions_open\"]}}]"
    }
},
{
    "model": "admin.logentry",
    "pk": 231,
    "fields": {
        "action_time": "2018-08-17T13:16:56.333Z",
        "user": [
            "webmaster"
        ],
        "content_type": [
            "status",
            "status"
        ],
        "object_id": "2",
        "object_repr": "2018/19",
        "action_flag": 2,
        "change_message": "[{\"changed\": {\"fields\": [\"auditions_open\"]}}]"
    }
},
{
    "model": "admin.logentry",
    "pk": 232,
    "fields": {
        "action_time": "2018-08-17T13:18:11.571Z",
        "user": [
            "webmaster"
        ],
        "content_type": [
            "status",
            "status"
        ],
        "object_id": "2",
        "object_repr": "2018/19",
        "action_flag": 2,
        "change_message": "[{\"changed\": {\"fields\": [\"auditions_open\"]}}]"
    }
},
{
    "model": "admin.logentry",
    "pk": 233,
    "fields": {
        "action_time": "2018-08-17T13:28:49.426Z",
        "user": [
            "webmaster"
        ],
        "content_type": [
            "status",
            "status"
        ],
        "object_id": "2",
        "object_repr": "2018/19",
        "action_flag": 2,
        "change_message": "[{\"changed\": {\"fields\": [\"concerto_open\"]}}]"
    }
},
{
    "model": "admin.logentry",
    "pk": 234,
    "fields": {
        "action_time": "2018-08-17T13:40:26.070Z",
        "user": [
            "webmaster"
        ],
        "content_type": [
            "website",
            "page"
        ],
        "object_id": "2",
        "object_repr": "Concerto Competition",
        "action_flag": 2,
        "change_message": "[{\"changed\": {\"name\": \"accordion card\", \"object\": \"Competition Structure\", \"fields\": [\"html_id\"]}}, {\"deleted\": {\"name\": \"accordion card\", \"object\": \"2017/18 Season\"}}]"
    }
},
{
    "model": "admin.logentry",
    "pk": 235,
    "fields": {
        "action_time": "2018-08-17T13:45:13.066Z",
        "user": [
            "webmaster"
        ],
        "content_type": [
            "ulsosite",
            "concertowinner"
        ],
        "object_id": "1",
        "object_repr": "Alex McFarlane",
        "action_flag": 2,
        "change_message": "[{\"changed\": {\"fields\": [\"email\", \"phone\", \"piece\"]}}]"
    }
},
{
    "model": "admin.logentry",
    "pk": 236,
    "fields": {
        "action_time": "2018-08-17T15:01:46.009Z",
        "user": [
            "webmaster"
        ],
        "content_type": [
            "website",
            "page"
        ],
        "object_id": "2",
        "object_repr": "Concerto Competition",
        "action_flag": 2,
        "change_message": "[{\"changed\": {\"name\": \"accordion card\", \"object\": \"Competition Structure\", \"fields\": [\"body\"]}}]"
    }
},
{
    "model": "admin.logentry",
    "pk": 237,
    "fields": {
        "action_time": "2018-08-17T15:03:02.025Z",
        "user": [
            "webmaster"
        ],
        "content_type": [
            "status",
            "status"
        ],
        "object_id": "2",
        "object_repr": "2018/19",
        "action_flag": 2,
        "change_message": "[{\"changed\": {\"fields\": [\"concerto_open\"]}}]"
    }
},
{
    "model": "admin.logentry",
    "pk": 238,
    "fields": {
        "action_time": "2018-08-17T15:11:14.221Z",
        "user": [
            "webmaster"
        ],
        "content_type": [
            "status",
            "status"
        ],
        "object_id": "2",
        "object_repr": "2018/19",
        "action_flag": 2,
        "change_message": "[{\"changed\": {\"fields\": [\"auditions_open\"]}}]"
    }
},
{
    "model": "admin.logentry",
    "pk": 239,
    "fields": {
        "action_time": "2018-08-22T18:54:15.679Z",
        "user": [
            "webmaster"
        ],
        "content_type": [
            "ulsosite",
            "concert"
        ],
        "object_id": "3",
        "object_repr": "Autumn Project - 2018-11-18 - Daniel Capps",
        "action_flag": 2,
        "change_message": "[{\"changed\": {\"fields\": [\"current\"]}}]"
    }
}
]
